municipio;numero_pergunta;pergunta;resposta
Agrolândia;1;A prefeitura possui algum departamento responsável pela gestão de resíduos sólidos e quem é o responsável técnico?;
Agrolândia;2;O Plano Municipal de Resíduos Sólidos está atualizado?;
Agrolândia;3;Existe respaldo ou acompanhamento desse plano na prática?;
Agrolândia;4;A prefeitura realiza fiscalização ostensiva regular sobre o descarte de resíduos?;
Agrolândia;5;Qual é o destino final dos resíduos recicláveis e quais são as cooperativas de catadores cadastradas no município?;
Agrolândia;6;Quais leis e diretrizes municipais e nacionais regem a gestão de resíduos no município?;
Agrolândia;7;Existem canais de denúncia para descarte irregular de lixo e com que frequência são utilizados?;
Agrolândia;8;Todas as empresas da cidade são obrigadas a apresentar relatórios mensais de descarte de resíduos?;
Agrolândia;9;Quais são as leis ou decretos que preveem sanções e penalidades para infrações ambientais no município?;
Agrolândia;10;A prefeitura oferece algum incentivo fiscal direto para empresas que descartam resíduos de forma correta?;
Agrolândia;11;Como funciona a destinação de resíduos eletrônicos para empresas privadas e do setor de TIC?;
Agrolândia;12;O descarte inadequado ou irregular de resíduos ainda é um problema frequente na cidade?;
Agrolândia;13;Quais são os tipos de eletroeletrônicos mais comumente descartados e para onde vão os itens de maior porte?;
Agrolândia;14;Há registros ou regiões da cidade onde o volume de descarte de lixo é maior e qual a frequência de coleta nessas áreas?;
Agrolândia;15;Houve algum registro ou aplicação recente de multa por descumprimento das regras de descarte de e-lixo?;
Agrolândia;16;A prefeitura possui algum programa de coleta própria exclusivo para resíduos eletrônicos corporativos?;
Agrolândia;17;O município possui programas como o Penso, Logo Destino (PLD) e onde ficam os pontos de coleta de lâmpadas, pilhas e baterias?;
Agrolândia;18;Os resíduos volumosos exigem atenção ou logística diferenciada por parte da prefeitura/cooperativas?;
Agrolândia;19;Existe cobrança de taxa específica para a retirada de lixo eletrônico empresarial?;
Agrolândia;20;O município já conta com Pontos de Entrega Voluntária (PEV) estruturados para lixo eletrônico ou há previsão de instalação?;
Agrolândia;21;A concessionária de limpeza urbana possui plano de metas para a implantação de novos PEVs?;
Agrolândia;22;As taxas e procedimentos de coleta são uniformes em todos os bairros e setores?;
Agrolândia;23;Existe outro fiscal ou responsável direto no departamento além do engenheiro sanitarista?;
Agrolândia;24;Você acredita que o descarte incorreto ocorre por falta de conhecimento da população/empresas sobre os pontos de coleta?;
Agrolândia;25;As empresas locais têm demonstrado maior engajamento ou empenho na gestão ambiental nos últimos anos?;
Agrolândia;26;Qual é hoje a principal dificuldade ou gargalo operacional na gestão de resíduos sólidos da cidade?;
Agrolândia;27;Qual é o principal obstáculo enfrentado pelas empresas para manter a gestão correta de resíduos?;
Agrolândia;28;De onde vem a maior parte do volume de resíduos recebidos no município?;
Agrolândia;29;A prefeitura realiza campanhas publicitárias pagas contínuas sobre o descarte de e-lixo?;
Agrolândia;30;O município tem interesse em adotar novas tecnologias para controle e mapeamento do descarte?;
Agrolândia;31;Existe a possibilidade ou tentativa de implantar programas de benefícios (como cashback ou créditos por descarte) na cidade?;
Agrolândia;32;A melhoria da gestão de resíduos traz impactos socioeconômicos diretos para as cooperativas de catadores locais?;
Agrolândia;33;O município mantém parcerias com instituições de ensino superior (como a UNIDAVI) para projetos ambientais?;
Agrolândia;34;Qual a importância de trabalhos acadêmicos e projetos de tecnologia voltados para a gestão de resíduos no Alto Vale?;
Agrolândia;35;Qual seria a orientação da prefeitura para as empresas reduzirem custos e melhorarem a gestão interna de resíduos?;
Agrolândia;36;Como você avalia a atual estrutura de descarte do município em relação à conformidade legal?;
Agrolândia;37;Existe alguma restrição formal para que o setor privado crie rotas de coleta própria de lixo eletrônico?;
Agrolândia;38;A prefeitura teria interesse em utilizar este projeto de TCC (sistema em Python + Power BI) como um plano piloto?;
Agrolândia;39;A prefeitura apoia a continuidade da coleta de dados e expansão do estudo no setor produtivo/ACIRS?;
Agrolândia;40;Onde a população e as empresas podem consultar as informações oficiais sobre horários e rotas de coleta de lixo?;
Agronômica;1;A prefeitura possui algum departamento responsável pela gestão de resíduos sólidos e quem é o responsável técnico?;
Agronômica;2;O Plano Municipal de Resíduos Sólidos está atualizado?;
Agronômica;3;Existe respaldo ou acompanhamento desse plano na prática?;
Agronômica;4;A prefeitura realiza fiscalização ostensiva regular sobre o descarte de resíduos?;
Agronômica;5;Qual é o destino final dos resíduos recicláveis e quais são as cooperativas de catadores cadastradas no município?;
Agronômica;6;Quais leis e diretrizes municipais e nacionais regem a gestão de resíduos no município?;
Agronômica;7;Existem canais de denúncia para descarte irregular de lixo e com que frequência são utilizados?;
Agronômica;8;Todas as empresas da cidade são obrigadas a apresentar relatórios mensais de descarte de resíduos?;
Agronômica;9;Quais são as leis ou decretos que preveem sanções e penalidades para infrações ambientais no município?;
Agronômica;10;A prefeitura oferece algum incentivo fiscal direto para empresas que descartam resíduos de forma correta?;
Agronômica;11;Como funciona a destinação de resíduos eletrônicos para empresas privadas e do setor de TIC?;
Agronômica;12;O descarte inadequado ou irregular de resíduos ainda é um problema frequente na cidade?;
Agronômica;13;Quais são os tipos de eletroeletrônicos mais comumente descartados e para onde vão os itens de maior porte?;
Agronômica;14;Há registros ou regiões da cidade onde o volume de descarte de lixo é maior e qual a frequência de coleta nessas áreas?;
Agronômica;15;Houve algum registro ou aplicação recente de multa por descumprimento das regras de descarte de e-lixo?;
Agronômica;16;A prefeitura possui algum programa de coleta própria exclusivo para resíduos eletrônicos corporativos?;
Agronômica;17;O município possui programas como o Penso, Logo Destino (PLD) e onde ficam os pontos de coleta de lâmpadas, pilhas e baterias?;
Agronômica;18;Os resíduos volumosos exigem atenção ou logística diferenciada por parte da prefeitura/cooperativas?;
Agronômica;19;Existe cobrança de taxa específica para a retirada de lixo eletrônico empresarial?;
Agronômica;20;O município já conta com Pontos de Entrega Voluntária (PEV) estruturados para lixo eletrônico ou há previsão de instalação?;
Agronômica;21;A concessionária de limpeza urbana possui plano de metas para a implantação de novos PEVs?;
Agronômica;22;As taxas e procedimentos de coleta são uniformes em todos os bairros e setores?;
Agronômica;23;Existe outro fiscal ou responsável direto no departamento além do engenheiro sanitarista?;
Agronômica;24;Você acredita que o descarte incorreto ocorre por falta de conhecimento da população/empresas sobre os pontos de coleta?;
Agronômica;25;As empresas locais têm demonstrado maior engajamento ou empenho na gestão ambiental nos últimos anos?;
Agronômica;26;Qual é hoje a principal dificuldade ou gargalo operacional na gestão de resíduos sólidos da cidade?;
Agronômica;27;Qual é o principal obstáculo enfrentado pelas empresas para manter a gestão correta de resíduos?;
Agronômica;28;De onde vem a maior parte do volume de resíduos recebidos no município?;
Agronômica;29;A prefeitura realiza campanhas publicitárias pagas contínuas sobre o descarte de e-lixo?;
Agronômica;30;O município tem interesse em adotar novas tecnologias para controle e mapeamento do descarte?;
Agronômica;31;Existe a possibilidade ou tentativa de implantar programas de benefícios (como cashback ou créditos por descarte) na cidade?;
Agronômica;32;A melhoria da gestão de resíduos traz impactos socioeconômicos diretos para as cooperativas de catadores locais?;
Agronômica;33;O município mantém parcerias com instituições de ensino superior (como a UNIDAVI) para projetos ambientais?;
Agronômica;34;Qual a importância de trabalhos acadêmicos e projetos de tecnologia voltados para a gestão de resíduos no Alto Vale?;
Agronômica;35;Qual seria a orientação da prefeitura para as empresas reduzirem custos e melhorarem a gestão interna de resíduos?;
Agronômica;36;Como você avalia a atual estrutura de descarte do município em relação à conformidade legal?;
Agronômica;37;Existe alguma restrição formal para que o setor privado crie rotas de coleta própria de lixo eletrônico?;
Agronômica;38;A prefeitura teria interesse em utilizar este projeto de TCC (sistema em Python + Power BI) como um plano piloto?;
Agronômica;39;A prefeitura apoia a continuidade da coleta de dados e expansão do estudo no setor produtivo/ACIRS?;
Agronômica;40;Onde a população e as empresas podem consultar as informações oficiais sobre horários e rotas de coleta de lixo?;
Atalanta;1;A prefeitura possui algum departamento responsável pela gestão de resíduos sólidos e quem é o responsável técnico?;
Atalanta;2;O Plano Municipal de Resíduos Sólidos está atualizado?;
Atalanta;3;Existe respaldo ou acompanhamento desse plano na prática?;
Atalanta;4;A prefeitura realiza fiscalização ostensiva regular sobre o descarte de resíduos?;
Atalanta;5;Qual é o destino final dos resíduos recicláveis e quais são as cooperativas de catadores cadastradas no município?;
Atalanta;6;Quais leis e diretrizes municipais e nacionais regem a gestão de resíduos no município?;
Atalanta;7;Existem canais de denúncia para descarte irregular de lixo e com que frequência são utilizados?;
Atalanta;8;Todas as empresas da cidade são obrigadas a apresentar relatórios mensais de descarte de resíduos?;
Atalanta;9;Quais são as leis ou decretos que preveem sanções e penalidades para infrações ambientais no município?;
Atalanta;10;A prefeitura oferece algum incentivo fiscal direto para empresas que descartam resíduos de forma correta?;
Atalanta;11;Como funciona a destinação de resíduos eletrônicos para empresas privadas e do setor de TIC?;
Atalanta;12;O descarte inadequado ou irregular de resíduos ainda é um problema frequente na cidade?;
Atalanta;13;Quais são os tipos de eletroeletrônicos mais comumente descartados e para onde vão os itens de maior porte?;
Atalanta;14;Há registros ou regiões da cidade onde o volume de descarte de lixo é maior e qual a frequência de coleta nessas áreas?;
Atalanta;15;Houve algum registro ou aplicação recente de multa por descumprimento das regras de descarte de e-lixo?;
Atalanta;16;A prefeitura possui algum programa de coleta própria exclusivo para resíduos eletrônicos corporativos?;
Atalanta;17;O município possui programas como o Penso, Logo Destino (PLD) e onde ficam os pontos de coleta de lâmpadas, pilhas e baterias?;
Atalanta;18;Os resíduos volumosos exigem atenção ou logística diferenciada por parte da prefeitura/cooperativas?;
Atalanta;19;Existe cobrança de taxa específica para a retirada de lixo eletrônico empresarial?;
Atalanta;20;O município já conta com Pontos de Entrega Voluntária (PEV) estruturados para lixo eletrônico ou há previsão de instalação?;
Atalanta;21;A concessionária de limpeza urbana possui plano de metas para a implantação de novos PEVs?;
Atalanta;22;As taxas e procedimentos de coleta são uniformes em todos os bairros e setores?;
Atalanta;23;Existe outro fiscal ou responsável direto no departamento além do engenheiro sanitarista?;
Atalanta;24;Você acredita que o descarte incorreto ocorre por falta de conhecimento da população/empresas sobre os pontos de coleta?;
Atalanta;25;As empresas locais têm demonstrado maior engajamento ou empenho na gestão ambiental nos últimos anos?;
Atalanta;26;Qual é hoje a principal dificuldade ou gargalo operacional na gestão de resíduos sólidos da cidade?;
Atalanta;27;Qual é o principal obstáculo enfrentado pelas empresas para manter a gestão correta de resíduos?;
Atalanta;28;De onde vem a maior parte do volume de resíduos recebidos no município?;
Atalanta;29;A prefeitura realiza campanhas publicitárias pagas contínuas sobre o descarte de e-lixo?;
Atalanta;30;O município tem interesse em adotar novas tecnologias para controle e mapeamento do descarte?;
Atalanta;31;Existe a possibilidade ou tentativa de implantar programas de benefícios (como cashback ou créditos por descarte) na cidade?;
Atalanta;32;A melhoria da gestão de resíduos traz impactos socioeconômicos diretos para as cooperativas de catadores locais?;
Atalanta;33;O município mantém parcerias com instituições de ensino superior (como a UNIDAVI) para projetos ambientais?;
Atalanta;34;Qual a importância de trabalhos acadêmicos e projetos de tecnologia voltados para a gestão de resíduos no Alto Vale?;
Atalanta;35;Qual seria a orientação da prefeitura para as empresas reduzirem custos e melhorarem a gestão interna de resíduos?;
Atalanta;36;Como você avalia a atual estrutura de descarte do município em relação à conformidade legal?;
Atalanta;37;Existe alguma restrição formal para que o setor privado crie rotas de coleta própria de lixo eletrônico?;
Atalanta;38;A prefeitura teria interesse em utilizar este projeto de TCC (sistema em Python + Power BI) como um plano piloto?;
Atalanta;39;A prefeitura apoia a continuidade da coleta de dados e expansão do estudo no setor produtivo/ACIRS?;
Atalanta;40;Onde a população e as empresas podem consultar as informações oficiais sobre horários e rotas de coleta de lixo?;
Aurora;1;A prefeitura possui algum departamento responsável pela gestão de resíduos sólidos e quem é o responsável técnico?;
Aurora;2;O Plano Municipal de Resíduos Sólidos está atualizado?;
Aurora;3;Existe respaldo ou acompanhamento desse plano na prática?;
Aurora;4;A prefeitura realiza fiscalização ostensiva regular sobre o descarte de resíduos?;
Aurora;5;Qual é o destino final dos resíduos recicláveis e quais são as cooperativas de catadores cadastradas no município?;
Aurora;6;Quais leis e diretrizes municipais e nacionais regem a gestão de resíduos no município?;
Aurora;7;Existem canais de denúncia para descarte irregular de lixo e com que frequência são utilizados?;
Aurora;8;Todas as empresas da cidade são obrigadas a apresentar relatórios mensais de descarte de resíduos?;
Aurora;9;Quais são as leis ou decretos que preveem sanções e penalidades para infrações ambientais no município?;
Aurora;10;A prefeitura oferece algum incentivo fiscal direto para empresas que descartam resíduos de forma correta?;
Aurora;11;Como funciona a destinação de resíduos eletrônicos para empresas privadas e do setor de TIC?;
Aurora;12;O descarte inadequado ou irregular de resíduos ainda é um problema frequente na cidade?;
Aurora;13;Quais são os tipos de eletroeletrônicos mais comumente descartados e para onde vão os itens de maior porte?;
Aurora;14;Há registros ou regiões da cidade onde o volume de descarte de lixo é maior e qual a frequência de coleta nessas áreas?;
Aurora;15;Houve algum registro ou aplicação recente de multa por descumprimento das regras de descarte de e-lixo?;
Aurora;16;A prefeitura possui algum programa de coleta própria exclusivo para resíduos eletrônicos corporativos?;
Aurora;17;O município possui programas como o Penso, Logo Destino (PLD) e onde ficam os pontos de coleta de lâmpadas, pilhas e baterias?;
Aurora;18;Os resíduos volumosos exigem atenção ou logística diferenciada por parte da prefeitura/cooperativas?;
Aurora;19;Existe cobrança de taxa específica para a retirada de lixo eletrônico empresarial?;
Aurora;20;O município já conta com Pontos de Entrega Voluntária (PEV) estruturados para lixo eletrônico ou há previsão de instalação?;
Aurora;21;A concessionária de limpeza urbana possui plano de metas para a implantação de novos PEVs?;
Aurora;22;As taxas e procedimentos de coleta são uniformes em todos os bairros e setores?;
Aurora;23;Existe outro fiscal ou responsável direto no departamento além do engenheiro sanitarista?;
Aurora;24;Você acredita que o descarte incorreto ocorre por falta de conhecimento da população/empresas sobre os pontos de coleta?;
Aurora;25;As empresas locais têm demonstrado maior engajamento ou empenho na gestão ambiental nos últimos anos?;
Aurora;26;Qual é hoje a principal dificuldade ou gargalo operacional na gestão de resíduos sólidos da cidade?;
Aurora;27;Qual é o principal obstáculo enfrentado pelas empresas para manter a gestão correta de resíduos?;
Aurora;28;De onde vem a maior parte do volume de resíduos recebidos no município?;
Aurora;29;A prefeitura realiza campanhas publicitárias pagas contínuas sobre o descarte de e-lixo?;
Aurora;30;O município tem interesse em adotar novas tecnologias para controle e mapeamento do descarte?;
Aurora;31;Existe a possibilidade ou tentativa de implantar programas de benefícios (como cashback ou créditos por descarte) na cidade?;
Aurora;32;A melhoria da gestão de resíduos traz impactos socioeconômicos diretos para as cooperativas de catadores locais?;
Aurora;33;O município mantém parcerias com instituições de ensino superior (como a UNIDAVI) para projetos ambientais?;
Aurora;34;Qual a importância de trabalhos acadêmicos e projetos de tecnologia voltados para a gestão de resíduos no Alto Vale?;
Aurora;35;Qual seria a orientação da prefeitura para as empresas reduzirem custos e melhorarem a gestão interna de resíduos?;
Aurora;36;Como você avalia a atual estrutura de descarte do município em relação à conformidade legal?;
Aurora;37;Existe alguma restrição formal para que o setor privado crie rotas de coleta própria de lixo eletrônico?;
Aurora;38;A prefeitura teria interesse em utilizar este projeto de TCC (sistema em Python + Power BI) como um plano piloto?;
Aurora;39;A prefeitura apoia a continuidade da coleta de dados e expansão do estudo no setor produtivo/ACIRS?;
Aurora;40;Onde a população e as empresas podem consultar as informações oficiais sobre horários e rotas de coleta de lixo?;
Braço do Trombudo;1;A prefeitura possui algum departamento responsável pela gestão de resíduos sólidos e quem é o responsável técnico?;
Braço do Trombudo;2;O Plano Municipal de Resíduos Sólidos está atualizado?;
Braço do Trombudo;3;Existe respaldo ou acompanhamento desse plano na prática?;
Braço do Trombudo;4;A prefeitura realiza fiscalização ostensiva regular sobre o descarte de resíduos?;
Braço do Trombudo;5;Qual é o destino final dos resíduos recicláveis e quais são as cooperativas de catadores cadastradas no município?;
Braço do Trombudo;6;Quais leis e diretrizes municipais e nacionais regem a gestão de resíduos no município?;
Braço do Trombudo;7;Existem canais de denúncia para descarte irregular de lixo e com que frequência são utilizados?;
Braço do Trombudo;8;Todas as empresas da cidade são obrigadas a apresentar relatórios mensais de descarte de resíduos?;
Braço do Trombudo;9;Quais são as leis ou decretos que preveem sanções e penalidades para infrações ambientais no município?;
Braço do Trombudo;10;A prefeitura oferece algum incentivo fiscal direto para empresas que descartam resíduos de forma correta?;
Braço do Trombudo;11;Como funciona a destinação de resíduos eletrônicos para empresas privadas e do setor de TIC?;
Braço do Trombudo;12;O descarte inadequado ou irregular de resíduos ainda é um problema frequente na cidade?;
Braço do Trombudo;13;Quais são os tipos de eletroeletrônicos mais comumente descartados e para onde vão os itens de maior porte?;
Braço do Trombudo;14;Há registros ou regiões da cidade onde o volume de descarte de lixo é maior e qual a frequência de coleta nessas áreas?;
Braço do Trombudo;15;Houve algum registro ou aplicação recente de multa por descumprimento das regras de descarte de e-lixo?;
Braço do Trombudo;16;A prefeitura possui algum programa de coleta própria exclusivo para resíduos eletrônicos corporativos?;
Braço do Trombudo;17;O município possui programas como o Penso, Logo Destino (PLD) e onde ficam os pontos de coleta de lâmpadas, pilhas e baterias?;
Braço do Trombudo;18;Os resíduos volumosos exigem atenção ou logística diferenciada por parte da prefeitura/cooperativas?;
Braço do Trombudo;19;Existe cobrança de taxa específica para a retirada de lixo eletrônico empresarial?;
Braço do Trombudo;20;O município já conta com Pontos de Entrega Voluntária (PEV) estruturados para lixo eletrônico ou há previsão de instalação?;
Braço do Trombudo;21;A concessionária de limpeza urbana possui plano de metas para a implantação de novos PEVs?;
Braço do Trombudo;22;As taxas e procedimentos de coleta são uniformes em todos os bairros e setores?;
Braço do Trombudo;23;Existe outro fiscal ou responsável direto no departamento além do engenheiro sanitarista?;
Braço do Trombudo;24;Você acredita que o descarte incorreto ocorre por falta de conhecimento da população/empresas sobre os pontos de coleta?;
Braço do Trombudo;25;As empresas locais têm demonstrado maior engajamento ou empenho na gestão ambiental nos últimos anos?;
Braço do Trombudo;26;Qual é hoje a principal dificuldade ou gargalo operacional na gestão de resíduos sólidos da cidade?;
Braço do Trombudo;27;Qual é o principal obstáculo enfrentado pelas empresas para manter a gestão correta de resíduos?;
Braço do Trombudo;28;De onde vem a maior parte do volume de resíduos recebidos no município?;
Braço do Trombudo;29;A prefeitura realiza campanhas publicitárias pagas contínuas sobre o descarte de e-lixo?;
Braço do Trombudo;30;O município tem interesse em adotar novas tecnologias para controle e mapeamento do descarte?;
Braço do Trombudo;31;Existe a possibilidade ou tentativa de implantar programas de benefícios (como cashback ou créditos por descarte) na cidade?;
Braço do Trombudo;32;A melhoria da gestão de resíduos traz impactos socioeconômicos diretos para as cooperativas de catadores locais?;
Braço do Trombudo;33;O município mantém parcerias com instituições de ensino superior (como a UNIDAVI) para projetos ambientais?;
Braço do Trombudo;34;Qual a importância de trabalhos acadêmicos e projetos de tecnologia voltados para a gestão de resíduos no Alto Vale?;
Braço do Trombudo;35;Qual seria a orientação da prefeitura para as empresas reduzirem custos e melhorarem a gestão interna de resíduos?;
Braço do Trombudo;36;Como você avalia a atual estrutura de descarte do município em relação à conformidade legal?;
Braço do Trombudo;37;Existe alguma restrição formal para que o setor privado crie rotas de coleta própria de lixo eletrônico?;
Braço do Trombudo;38;A prefeitura teria interesse em utilizar este projeto de TCC (sistema em Python + Power BI) como um plano piloto?;
Braço do Trombudo;39;A prefeitura apoia a continuidade da coleta de dados e expansão do estudo no setor produtivo/ACIRS?;
Braço do Trombudo;40;Onde a população e as empresas podem consultar as informações oficiais sobre horários e rotas de coleta de lixo?;
Chapadão do Lageado;1;A prefeitura possui algum departamento responsável pela gestão de resíduos sólidos e quem é o responsável técnico?;
Chapadão do Lageado;2;O Plano Municipal de Resíduos Sólidos está atualizado?;
Chapadão do Lageado;3;Existe respaldo ou acompanhamento desse plano na prática?;
Chapadão do Lageado;4;A prefeitura realiza fiscalização ostensiva regular sobre o descarte de resíduos?;
Chapadão do Lageado;5;Qual é o destino final dos resíduos recicláveis e quais são as cooperativas de catadores cadastradas no município?;
Chapadão do Lageado;6;Quais leis e diretrizes municipais e nacionais regem a gestão de resíduos no município?;
Chapadão do Lageado;7;Existem canais de denúncia para descarte irregular de lixo e com que frequência são utilizados?;
Chapadão do Lageado;8;Todas as empresas da cidade são obrigadas a apresentar relatórios mensais de descarte de resíduos?;
Chapadão do Lageado;9;Quais são as leis ou decretos que preveem sanções e penalidades para infrações ambientais no município?;
Chapadão do Lageado;10;A prefeitura oferece algum incentivo fiscal direto para empresas que descartam resíduos de forma correta?;
Chapadão do Lageado;11;Como funciona a destinação de resíduos eletrônicos para empresas privadas e do setor de TIC?;
Chapadão do Lageado;12;O descarte inadequado ou irregular de resíduos ainda é um problema frequente na cidade?;
Chapadão do Lageado;13;Quais são os tipos de eletroeletrônicos mais comumente descartados e para onde vão os itens de maior porte?;
Chapadão do Lageado;14;Há registros ou regiões da cidade onde o volume de descarte de lixo é maior e qual a frequência de coleta nessas áreas?;
Chapadão do Lageado;15;Houve algum registro ou aplicação recente de multa por descumprimento das regras de descarte de e-lixo?;
Chapadão do Lageado;16;A prefeitura possui algum programa de coleta própria exclusivo para resíduos eletrônicos corporativos?;
Chapadão do Lageado;17;O município possui programas como o Penso, Logo Destino (PLD) e onde ficam os pontos de coleta de lâmpadas, pilhas e baterias?;
Chapadão do Lageado;18;Os resíduos volumosos exigem atenção ou logística diferenciada por parte da prefeitura/cooperativas?;
Chapadão do Lageado;19;Existe cobrança de taxa específica para a retirada de lixo eletrônico empresarial?;
Chapadão do Lageado;20;O município já conta com Pontos de Entrega Voluntária (PEV) estruturados para lixo eletrônico ou há previsão de instalação?;
Chapadão do Lageado;21;A concessionária de limpeza urbana possui plano de metas para a implantação de novos PEVs?;
Chapadão do Lageado;22;As taxas e procedimentos de coleta são uniformes em todos os bairros e setores?;
Chapadão do Lageado;23;Existe outro fiscal ou responsável direto no departamento além do engenheiro sanitarista?;
Chapadão do Lageado;24;Você acredita que o descarte incorreto ocorre por falta de conhecimento da população/empresas sobre os pontos de coleta?;
Chapadão do Lageado;25;As empresas locais têm demonstrado maior engajamento ou empenho na gestão ambiental nos últimos anos?;
Chapadão do Lageado;26;Qual é hoje a principal dificuldade ou gargalo operacional na gestão de resíduos sólidos da cidade?;
Chapadão do Lageado;27;Qual é o principal obstáculo enfrentado pelas empresas para manter a gestão correta de resíduos?;
Chapadão do Lageado;28;De onde vem a maior parte do volume de resíduos recebidos no município?;
Chapadão do Lageado;29;A prefeitura realiza campanhas publicitárias pagas contínuas sobre o descarte de e-lixo?;
Chapadão do Lageado;30;O município tem interesse em adotar novas tecnologias para controle e mapeamento do descarte?;
Chapadão do Lageado;31;Existe a possibilidade ou tentativa de implantar programas de benefícios (como cashback ou créditos por descarte) na cidade?;
Chapadão do Lageado;32;A melhoria da gestão de resíduos traz impactos socioeconômicos diretos para as cooperativas de catadores locais?;
Chapadão do Lageado;33;O município mantém parcerias com instituições de ensino superior (como a UNIDAVI) para projetos ambientais?;
Chapadão do Lageado;34;Qual a importância de trabalhos acadêmicos e projetos de tecnologia voltados para a gestão de resíduos no Alto Vale?;
Chapadão do Lageado;35;Qual seria a orientação da prefeitura para as empresas reduzirem custos e melhorarem a gestão interna de resíduos?;
Chapadão do Lageado;36;Como você avalia a atual estrutura de descarte do município em relação à conformidade legal?;
Chapadão do Lageado;37;Existe alguma restrição formal para que o setor privado crie rotas de coleta própria de lixo eletrônico?;
Chapadão do Lageado;38;A prefeitura teria interesse em utilizar este projeto de TCC (sistema em Python + Power BI) como um plano piloto?;
Chapadão do Lageado;39;A prefeitura apoia a continuidade da coleta de dados e expansão do estudo no setor produtivo/ACIRS?;
Chapadão do Lageado;40;Onde a população e as empresas podem consultar as informações oficiais sobre horários e rotas de coleta de lixo?;
Dona Emma;1;A prefeitura possui algum departamento responsável pela gestão de resíduos sólidos e quem é o responsável técnico?;
Dona Emma;2;O Plano Municipal de Resíduos Sólidos está atualizado?;
Dona Emma;3;Existe respaldo ou acompanhamento desse plano na prática?;
Dona Emma;4;A prefeitura realiza fiscalização ostensiva regular sobre o descarte de resíduos?;
Dona Emma;5;Qual é o destino final dos resíduos recicláveis e quais são as cooperativas de catadores cadastradas no município?;
Dona Emma;6;Quais leis e diretrizes municipais e nacionais regem a gestão de resíduos no município?;
Dona Emma;7;Existem canais de denúncia para descarte irregular de lixo e com que frequência são utilizados?;
Dona Emma;8;Todas as empresas da cidade são obrigadas a apresentar relatórios mensais de descarte de resíduos?;
Dona Emma;9;Quais são as leis ou decretos que preveem sanções e penalidades para infrações ambientais no município?;
Dona Emma;10;A prefeitura oferece algum incentivo fiscal direto para empresas que descartam resíduos de forma correta?;
Dona Emma;11;Como funciona a destinação de resíduos eletrônicos para empresas privadas e do setor de TIC?;
Dona Emma;12;O descarte inadequado ou irregular de resíduos ainda é um problema frequente na cidade?;
Dona Emma;13;Quais são os tipos de eletroeletrônicos mais comumente descartados e para onde vão os itens de maior porte?;
Dona Emma;14;Há registros ou regiões da cidade onde o volume de descarte de lixo é maior e qual a frequência de coleta nessas áreas?;
Dona Emma;15;Houve algum registro ou aplicação recente de multa por descumprimento das regras de descarte de e-lixo?;
Dona Emma;16;A prefeitura possui algum programa de coleta própria exclusivo para resíduos eletrônicos corporativos?;
Dona Emma;17;O município possui programas como o Penso, Logo Destino (PLD) e onde ficam os pontos de coleta de lâmpadas, pilhas e baterias?;
Dona Emma;18;Os resíduos volumosos exigem atenção ou logística diferenciada por parte da prefeitura/cooperativas?;
Dona Emma;19;Existe cobrança de taxa específica para a retirada de lixo eletrônico empresarial?;
Dona Emma;20;O município já conta com Pontos de Entrega Voluntária (PEV) estruturados para lixo eletrônico ou há previsão de instalação?;
Dona Emma;21;A concessionária de limpeza urbana possui plano de metas para a implantação de novos PEVs?;
Dona Emma;22;As taxas e procedimentos de coleta são uniformes em todos os bairros e setores?;
Dona Emma;23;Existe outro fiscal ou responsável direto no departamento além do engenheiro sanitarista?;
Dona Emma;24;Você acredita que o descarte incorreto ocorre por falta de conhecimento da população/empresas sobre os pontos de coleta?;
Dona Emma;25;As empresas locais têm demonstrado maior engajamento ou empenho na gestão ambiental nos últimos anos?;
Dona Emma;26;Qual é hoje a principal dificuldade ou gargalo operacional na gestão de resíduos sólidos da cidade?;
Dona Emma;27;Qual é o principal obstáculo enfrentado pelas empresas para manter a gestão correta de resíduos?;
Dona Emma;28;De onde vem a maior parte do volume de resíduos recebidos no município?;
Dona Emma;29;A prefeitura realiza campanhas publicitárias pagas contínuas sobre o descarte de e-lixo?;
Dona Emma;30;O município tem interesse em adotar novas tecnologias para controle e mapeamento do descarte?;
Dona Emma;31;Existe a possibilidade ou tentativa de implantar programas de benefícios (como cashback ou créditos por descarte) na cidade?;
Dona Emma;32;A melhoria da gestão de resíduos traz impactos socioeconômicos diretos para as cooperativas de catadores locais?;
Dona Emma;33;O município mantém parcerias com instituições de ensino superior (como a UNIDAVI) para projetos ambientais?;
Dona Emma;34;Qual a importância de trabalhos acadêmicos e projetos de tecnologia voltados para a gestão de resíduos no Alto Vale?;
Dona Emma;35;Qual seria a orientação da prefeitura para as empresas reduzirem custos e melhorarem a gestão interna de resíduos?;
Dona Emma;36;Como você avalia a atual estrutura de descarte do município em relação à conformidade legal?;
Dona Emma;37;Existe alguma restrição formal para que o setor privado crie rotas de coleta própria de lixo eletrônico?;
Dona Emma;38;A prefeitura teria interesse em utilizar este projeto de TCC (sistema em Python + Power BI) como um plano piloto?;
Dona Emma;39;A prefeitura apoia a continuidade da coleta de dados e expansão do estudo no setor produtivo/ACIRS?;
Dona Emma;40;Onde a população e as empresas podem consultar as informações oficiais sobre horários e rotas de coleta de lixo?;
Ibirama;1;A prefeitura possui algum departamento responsável pela gestão de resíduos sólidos e quem é o responsável técnico?;
Ibirama;2;O Plano Municipal de Resíduos Sólidos está atualizado?;
Ibirama;3;Existe respaldo ou acompanhamento desse plano na prática?;
Ibirama;4;A prefeitura realiza fiscalização ostensiva regular sobre o descarte de resíduos?;
Ibirama;5;Qual é o destino final dos resíduos recicláveis e quais são as cooperativas de catadores cadastradas no município?;
Ibirama;6;Quais leis e diretrizes municipais e nacionais regem a gestão de resíduos no município?;
Ibirama;7;Existem canais de denúncia para descarte irregular de lixo e com que frequência são utilizados?;
Ibirama;8;Todas as empresas da cidade são obrigadas a apresentar relatórios mensais de descarte de resíduos?;
Ibirama;9;Quais são as leis ou decretos que preveem sanções e penalidades para infrações ambientais no município?;
Ibirama;10;A prefeitura oferece algum incentivo fiscal direto para empresas que descartam resíduos de forma correta?;
Ibirama;11;Como funciona a destinação de resíduos eletrônicos para empresas privadas e do setor de TIC?;
Ibirama;12;O descarte inadequado ou irregular de resíduos ainda é um problema frequente na cidade?;
Ibirama;13;Quais são os tipos de eletroeletrônicos mais comumente descartados e para onde vão os itens de maior porte?;
Ibirama;14;Há registros ou regiões da cidade onde o volume de descarte de lixo é maior e qual a frequência de coleta nessas áreas?;
Ibirama;15;Houve algum registro ou aplicação recente de multa por descumprimento das regras de descarte de e-lixo?;
Ibirama;16;A prefeitura possui algum programa de coleta própria exclusivo para resíduos eletrônicos corporativos?;
Ibirama;17;O município possui programas como o Penso, Logo Destino (PLD) e onde ficam os pontos de coleta de lâmpadas, pilhas e baterias?;
Ibirama;18;Os resíduos volumosos exigem atenção ou logística diferenciada por parte da prefeitura/cooperativas?;
Ibirama;19;Existe cobrança de taxa específica para a retirada de lixo eletrônico empresarial?;
Ibirama;20;O município já conta com Pontos de Entrega Voluntária (PEV) estruturados para lixo eletrônico ou há previsão de instalação?;
Ibirama;21;A concessionária de limpeza urbana possui plano de metas para a implantação de novos PEVs?;
Ibirama;22;As taxas e procedimentos de coleta são uniformes em todos os bairros e setores?;
Ibirama;23;Existe outro fiscal ou responsável direto no departamento além do engenheiro sanitarista?;
Ibirama;24;Você acredita que o descarte incorreto ocorre por falta de conhecimento da população/empresas sobre os pontos de coleta?;
Ibirama;25;As empresas locais têm demonstrado maior engajamento ou empenho na gestão ambiental nos últimos anos?;
Ibirama;26;Qual é hoje a principal dificuldade ou gargalo operacional na gestão de resíduos sólidos da cidade?;
Ibirama;27;Qual é o principal obstáculo enfrentado pelas empresas para manter a gestão correta de resíduos?;
Ibirama;28;De onde vem a maior parte do volume de resíduos recebidos no município?;
Ibirama;29;A prefeitura realiza campanhas publicitárias pagas contínuas sobre o descarte de e-lixo?;
Ibirama;30;O município tem interesse em adotar novas tecnologias para controle e mapeamento do descarte?;
Ibirama;31;Existe a possibilidade ou tentativa de implantar programas de benefícios (como cashback ou créditos por descarte) na cidade?;
Ibirama;32;A melhoria da gestão de resíduos traz impactos socioeconômicos diretos para as cooperativas de catadores locais?;
Ibirama;33;O município mantém parcerias com instituições de ensino superior (como a UNIDAVI) para projetos ambientais?;
Ibirama;34;Qual a importância de trabalhos acadêmicos e projetos de tecnologia voltados para a gestão de resíduos no Alto Vale?;
Ibirama;35;Qual seria a orientação da prefeitura para as empresas reduzirem custos e melhorarem a gestão interna de resíduos?;
Ibirama;36;Como você avalia a atual estrutura de descarte do município em relação à conformidade legal?;
Ibirama;37;Existe alguma restrição formal para que o setor privado crie rotas de coleta própria de lixo eletrônico?;
Ibirama;38;A prefeitura teria interesse em utilizar este projeto de TCC (sistema em Python + Power BI) como um plano piloto?;
Ibirama;39;A prefeitura apoia a continuidade da coleta de dados e expansão do estudo no setor produtivo/ACIRS?;
Ibirama;40;Onde a população e as empresas podem consultar as informações oficiais sobre horários e rotas de coleta de lixo?;
Imbuia;1;A prefeitura possui algum departamento responsável pela gestão de resíduos sólidos e quem é o responsável técnico?;
Imbuia;2;O Plano Municipal de Resíduos Sólidos está atualizado?;
Imbuia;3;Existe respaldo ou acompanhamento desse plano na prática?;
Imbuia;4;A prefeitura realiza fiscalização ostensiva regular sobre o descarte de resíduos?;
Imbuia;5;Qual é o destino final dos resíduos recicláveis e quais são as cooperativas de catadores cadastradas no município?;
Imbuia;6;Quais leis e diretrizes municipais e nacionais regem a gestão de resíduos no município?;
Imbuia;7;Existem canais de denúncia para descarte irregular de lixo e com que frequência são utilizados?;
Imbuia;8;Todas as empresas da cidade são obrigadas a apresentar relatórios mensais de descarte de resíduos?;
Imbuia;9;Quais são as leis ou decretos que preveem sanções e penalidades para infrações ambientais no município?;
Imbuia;10;A prefeitura oferece algum incentivo fiscal direto para empresas que descartam resíduos de forma correta?;
Imbuia;11;Como funciona a destinação de resíduos eletrônicos para empresas privadas e do setor de TIC?;
Imbuia;12;O descarte inadequado ou irregular de resíduos ainda é um problema frequente na cidade?;
Imbuia;13;Quais são os tipos de eletroeletrônicos mais comumente descartados e para onde vão os itens de maior porte?;
Imbuia;14;Há registros ou regiões da cidade onde o volume de descarte de lixo é maior e qual a frequência de coleta nessas áreas?;
Imbuia;15;Houve algum registro ou aplicação recente de multa por descumprimento das regras de descarte de e-lixo?;
Imbuia;16;A prefeitura possui algum programa de coleta própria exclusivo para resíduos eletrônicos corporativos?;
Imbuia;17;O município possui programas como o Penso, Logo Destino (PLD) e onde ficam os pontos de coleta de lâmpadas, pilhas e baterias?;
Imbuia;18;Os resíduos volumosos exigem atenção ou logística diferenciada por parte da prefeitura/cooperativas?;
Imbuia;19;Existe cobrança de taxa específica para a retirada de lixo eletrônico empresarial?;
Imbuia;20;O município já conta com Pontos de Entrega Voluntária (PEV) estruturados para lixo eletrônico ou há previsão de instalação?;
Imbuia;21;A concessionária de limpeza urbana possui plano de metas para a implantação de novos PEVs?;
Imbuia;22;As taxas e procedimentos de coleta são uniformes em todos os bairros e setores?;
Imbuia;23;Existe outro fiscal ou responsável direto no departamento além do engenheiro sanitarista?;
Imbuia;24;Você acredita que o descarte incorreto ocorre por falta de conhecimento da população/empresas sobre os pontos de coleta?;
Imbuia;25;As empresas locais têm demonstrado maior engajamento ou empenho na gestão ambiental nos últimos anos?;
Imbuia;26;Qual é hoje a principal dificuldade ou gargalo operacional na gestão de resíduos sólidos da cidade?;
Imbuia;27;Qual é o principal obstáculo enfrentado pelas empresas para manter a gestão correta de resíduos?;
Imbuia;28;De onde vem a maior parte do volume de resíduos recebidos no município?;
Imbuia;29;A prefeitura realiza campanhas publicitárias pagas contínuas sobre o descarte de e-lixo?;
Imbuia;30;O município tem interesse em adotar novas tecnologias para controle e mapeamento do descarte?;
Imbuia;31;Existe a possibilidade ou tentativa de implantar programas de benefícios (como cashback ou créditos por descarte) na cidade?;
Imbuia;32;A melhoria da gestão de resíduos traz impactos socioeconômicos diretos para as cooperativas de catadores locais?;
Imbuia;33;O município mantém parcerias com instituições de ensino superior (como a UNIDAVI) para projetos ambientais?;
Imbuia;34;Qual a importância de trabalhos acadêmicos e projetos de tecnologia voltados para a gestão de resíduos no Alto Vale?;
Imbuia;35;Qual seria a orientação da prefeitura para as empresas reduzirem custos e melhorarem a gestão interna de resíduos?;
Imbuia;36;Como você avalia a atual estrutura de descarte do município em relação à conformidade legal?;
Imbuia;37;Existe alguma restrição formal para que o setor privado crie rotas de coleta própria de lixo eletrônico?;
Imbuia;38;A prefeitura teria interesse em utilizar este projeto de TCC (sistema em Python + Power BI) como um plano piloto?;
Imbuia;39;A prefeitura apoia a continuidade da coleta de dados e expansão do estudo no setor produtivo/ACIRS?;
Imbuia;40;Onde a população e as empresas podem consultar as informações oficiais sobre horários e rotas de coleta de lixo?;
Ituporanga;1;A prefeitura possui algum departamento responsável pela gestão de resíduos sólidos e quem é o responsável técnico?;
Ituporanga;2;O Plano Municipal de Resíduos Sólidos está atualizado?;
Ituporanga;3;Existe respaldo ou acompanhamento desse plano na prática?;
Ituporanga;4;A prefeitura realiza fiscalização ostensiva regular sobre o descarte de resíduos?;
Ituporanga;5;Qual é o destino final dos resíduos recicláveis e quais são as cooperativas de catadores cadastradas no município?;
Ituporanga;6;Quais leis e diretrizes municipais e nacionais regem a gestão de resíduos no município?;
Ituporanga;7;Existem canais de denúncia para descarte irregular de lixo e com que frequência são utilizados?;
Ituporanga;8;Todas as empresas da cidade são obrigadas a apresentar relatórios mensais de descarte de resíduos?;
Ituporanga;9;Quais são as leis ou decretos que preveem sanções e penalidades para infrações ambientais no município?;
Ituporanga;10;A prefeitura oferece algum incentivo fiscal direto para empresas que descartam resíduos de forma correta?;
Ituporanga;11;Como funciona a destinação de resíduos eletrônicos para empresas privadas e do setor de TIC?;
Ituporanga;12;O descarte inadequado ou irregular de resíduos ainda é um problema frequente na cidade?;
Ituporanga;13;Quais são os tipos de eletroeletrônicos mais comumente descartados e para onde vão os itens de maior porte?;
Ituporanga;14;Há registros ou regiões da cidade onde o volume de descarte de lixo é maior e qual a frequência de coleta nessas áreas?;
Ituporanga;15;Houve algum registro ou aplicação recente de multa por descumprimento das regras de descarte de e-lixo?;
Ituporanga;16;A prefeitura possui algum programa de coleta própria exclusivo para resíduos eletrônicos corporativos?;
Ituporanga;17;O município possui programas como o Penso, Logo Destino (PLD) e onde ficam os pontos de coleta de lâmpadas, pilhas e baterias?;
Ituporanga;18;Os resíduos volumosos exigem atenção ou logística diferenciada por parte da prefeitura/cooperativas?;
Ituporanga;19;Existe cobrança de taxa específica para a retirada de lixo eletrônico empresarial?;
Ituporanga;20;O município já conta com Pontos de Entrega Voluntária (PEV) estruturados para lixo eletrônico ou há previsão de instalação?;
Ituporanga;21;A concessionária de limpeza urbana possui plano de metas para a implantação de novos PEVs?;
Ituporanga;22;As taxas e procedimentos de coleta são uniformes em todos os bairros e setores?;
Ituporanga;23;Existe outro fiscal ou responsável direto no departamento além do engenheiro sanitarista?;
Ituporanga;24;Você acredita que o descarte incorreto ocorre por falta de conhecimento da população/empresas sobre os pontos de coleta?;
Ituporanga;25;As empresas locais têm demonstrado maior engajamento ou empenho na gestão ambiental nos últimos anos?;
Ituporanga;26;Qual é hoje a principal dificuldade ou gargalo operacional na gestão de resíduos sólidos da cidade?;
Ituporanga;27;Qual é o principal obstáculo enfrentado pelas empresas para manter a gestão correta de resíduos?;
Ituporanga;28;De onde vem a maior parte do volume de resíduos recebidos no município?;
Ituporanga;29;A prefeitura realiza campanhas publicitárias pagas contínuas sobre o descarte de e-lixo?;
Ituporanga;30;O município tem interesse em adotar novas tecnologias para controle e mapeamento do descarte?;
Ituporanga;31;Existe a possibilidade ou tentativa de implantar programas de benefícios (como cashback ou créditos por descarte) na cidade?;
Ituporanga;32;A melhoria da gestão de resíduos traz impactos socioeconômicos diretos para as cooperativas de catadores locais?;
Ituporanga;33;O município mantém parcerias com instituições de ensino superior (como a UNIDAVI) para projetos ambientais?;
Ituporanga;34;Qual a importância de trabalhos acadêmicos e projetos de tecnologia voltados para a gestão de resíduos no Alto Vale?;
Ituporanga;35;Qual seria a orientação da prefeitura para as empresas reduzirem custos e melhorarem a gestão interna de resíduos?;
Ituporanga;36;Como você avalia a atual estrutura de descarte do município em relação à conformidade legal?;
Ituporanga;37;Existe alguma restrição formal para que o setor privado crie rotas de coleta própria de lixo eletrônico?;
Ituporanga;38;A prefeitura teria interesse em utilizar este projeto de TCC (sistema em Python + Power BI) como um plano piloto?;
Ituporanga;39;A prefeitura apoia a continuidade da coleta de dados e expansão do estudo no setor produtivo/ACIRS?;
Ituporanga;40;Onde a população e as empresas podem consultar as informações oficiais sobre horários e rotas de coleta de lixo?;
José Boiteux;1;A prefeitura possui algum departamento responsável pela gestão de resíduos sólidos e quem é o responsável técnico?;
José Boiteux;2;O Plano Municipal de Resíduos Sólidos está atualizado?;
José Boiteux;3;Existe respaldo ou acompanhamento desse plano na prática?;
José Boiteux;4;A prefeitura realiza fiscalização ostensiva regular sobre o descarte de resíduos?;
José Boiteux;5;Qual é o destino final dos resíduos recicláveis e quais são as cooperativas de catadores cadastradas no município?;
José Boiteux;6;Quais leis e diretrizes municipais e nacionais regem a gestão de resíduos no município?;
José Boiteux;7;Existem canais de denúncia para descarte irregular de lixo e com que frequência são utilizados?;
José Boiteux;8;Todas as empresas da cidade são obrigadas a apresentar relatórios mensais de descarte de resíduos?;
José Boiteux;9;Quais são as leis ou decretos que preveem sanções e penalidades para infrações ambientais no município?;
José Boiteux;10;A prefeitura oferece algum incentivo fiscal direto para empresas que descartam resíduos de forma correta?;
José Boiteux;11;Como funciona a destinação de resíduos eletrônicos para empresas privadas e do setor de TIC?;
José Boiteux;12;O descarte inadequado ou irregular de resíduos ainda é um problema frequente na cidade?;
José Boiteux;13;Quais são os tipos de eletroeletrônicos mais comumente descartados e para onde vão os itens de maior porte?;
José Boiteux;14;Há registros ou regiões da cidade onde o volume de descarte de lixo é maior e qual a frequência de coleta nessas áreas?;
José Boiteux;15;Houve algum registro ou aplicação recente de multa por descumprimento das regras de descarte de e-lixo?;
José Boiteux;16;A prefeitura possui algum programa de coleta própria exclusivo para resíduos eletrônicos corporativos?;
José Boiteux;17;O município possui programas como o Penso, Logo Destino (PLD) e onde ficam os pontos de coleta de lâmpadas, pilhas e baterias?;
José Boiteux;18;Os resíduos volumosos exigem atenção ou logística diferenciada por parte da prefeitura/cooperativas?;
José Boiteux;19;Existe cobrança de taxa específica para a retirada de lixo eletrônico empresarial?;
José Boiteux;20;O município já conta com Pontos de Entrega Voluntária (PEV) estruturados para lixo eletrônico ou há previsão de instalação?;
José Boiteux;21;A concessionária de limpeza urbana possui plano de metas para a implantação de novos PEVs?;
José Boiteux;22;As taxas e procedimentos de coleta são uniformes em todos os bairros e setores?;
José Boiteux;23;Existe outro fiscal ou responsável direto no departamento além do engenheiro sanitarista?;
José Boiteux;24;Você acredita que o descarte incorreto ocorre por falta de conhecimento da população/empresas sobre os pontos de coleta?;
José Boiteux;25;As empresas locais têm demonstrado maior engajamento ou empenho na gestão ambiental nos últimos anos?;
José Boiteux;26;Qual é hoje a principal dificuldade ou gargalo operacional na gestão de resíduos sólidos da cidade?;
José Boiteux;27;Qual é o principal obstáculo enfrentado pelas empresas para manter a gestão correta de resíduos?;
José Boiteux;28;De onde vem a maior parte do volume de resíduos recebidos no município?;
José Boiteux;29;A prefeitura realiza campanhas publicitárias pagas contínuas sobre o descarte de e-lixo?;
José Boiteux;30;O município tem interesse em adotar novas tecnologias para controle e mapeamento do descarte?;
José Boiteux;31;Existe a possibilidade ou tentativa de implantar programas de benefícios (como cashback ou créditos por descarte) na cidade?;
José Boiteux;32;A melhoria da gestão de resíduos traz impactos socioeconômicos diretos para as cooperativas de catadores locais?;
José Boiteux;33;O município mantém parcerias com instituições de ensino superior (como a UNIDAVI) para projetos ambientais?;
José Boiteux;34;Qual a importância de trabalhos acadêmicos e projetos de tecnologia voltados para a gestão de resíduos no Alto Vale?;
José Boiteux;35;Qual seria a orientação da prefeitura para as empresas reduzirem custos e melhorarem a gestão interna de resíduos?;
José Boiteux;36;Como você avalia a atual estrutura de descarte do município em relação à conformidade legal?;
José Boiteux;37;Existe alguma restrição formal para que o setor privado crie rotas de coleta própria de lixo eletrônico?;
José Boiteux;38;A prefeitura teria interesse em utilizar este projeto de TCC (sistema em Python + Power BI) como um plano piloto?;
José Boiteux;39;A prefeitura apoia a continuidade da coleta de dados e expansão do estudo no setor produtivo/ACIRS?;
José Boiteux;40;Onde a população e as empresas podem consultar as informações oficiais sobre horários e rotas de coleta de lixo?;
Laurentino;1;A prefeitura possui algum departamento responsável pela gestão de resíduos sólidos e quem é o responsável técnico?;
Laurentino;2;O Plano Municipal de Resíduos Sólidos está atualizado?;
Laurentino;3;Existe respaldo ou acompanhamento desse plano na prática?;
Laurentino;4;A prefeitura realiza fiscalização ostensiva regular sobre o descarte de resíduos?;
Laurentino;5;Qual é o destino final dos resíduos recicláveis e quais são as cooperativas de catadores cadastradas no município?;
Laurentino;6;Quais leis e diretrizes municipais e nacionais regem a gestão de resíduos no município?;
Laurentino;7;Existem canais de denúncia para descarte irregular de lixo e com que frequência são utilizados?;
Laurentino;8;Todas as empresas da cidade são obrigadas a apresentar relatórios mensais de descarte de resíduos?;
Laurentino;9;Quais são as leis ou decretos que preveem sanções e penalidades para infrações ambientais no município?;
Laurentino;10;A prefeitura oferece algum incentivo fiscal direto para empresas que descartam resíduos de forma correta?;
Laurentino;11;Como funciona a destinação de resíduos eletrônicos para empresas privadas e do setor de TIC?;
Laurentino;12;O descarte inadequado ou irregular de resíduos ainda é um problema frequente na cidade?;
Laurentino;13;Quais são os tipos de eletroeletrônicos mais comumente descartados e para onde vão os itens de maior porte?;
Laurentino;14;Há registros ou regiões da cidade onde o volume de descarte de lixo é maior e qual a frequência de coleta nessas áreas?;
Laurentino;15;Houve algum registro ou aplicação recente de multa por descumprimento das regras de descarte de e-lixo?;
Laurentino;16;A prefeitura possui algum programa de coleta própria exclusivo para resíduos eletrônicos corporativos?;
Laurentino;17;O município possui programas como o Penso, Logo Destino (PLD) e onde ficam os pontos de coleta de lâmpadas, pilhas e baterias?;
Laurentino;18;Os resíduos volumosos exigem atenção ou logística diferenciada por parte da prefeitura/cooperativas?;
Laurentino;19;Existe cobrança de taxa específica para a retirada de lixo eletrônico empresarial?;
Laurentino;20;O município já conta com Pontos de Entrega Voluntária (PEV) estruturados para lixo eletrônico ou há previsão de instalação?;
Laurentino;21;A concessionária de limpeza urbana possui plano de metas para a implantação de novos PEVs?;
Laurentino;22;As taxas e procedimentos de coleta são uniformes em todos os bairros e setores?;
Laurentino;23;Existe outro fiscal ou responsável direto no departamento além do engenheiro sanitarista?;
Laurentino;24;Você acredita que o descarte incorreto ocorre por falta de conhecimento da população/empresas sobre os pontos de coleta?;
Laurentino;25;As empresas locais têm demonstrado maior engajamento ou empenho na gestão ambiental nos últimos anos?;
Laurentino;26;Qual é hoje a principal dificuldade ou gargalo operacional na gestão de resíduos sólidos da cidade?;
Laurentino;27;Qual é o principal obstáculo enfrentado pelas empresas para manter a gestão correta de resíduos?;
Laurentino;28;De onde vem a maior parte do volume de resíduos recebidos no município?;
Laurentino;29;A prefeitura realiza campanhas publicitárias pagas contínuas sobre o descarte de e-lixo?;
Laurentino;30;O município tem interesse em adotar novas tecnologias para controle e mapeamento do descarte?;
Laurentino;31;Existe a possibilidade ou tentativa de implantar programas de benefícios (como cashback ou créditos por descarte) na cidade?;
Laurentino;32;A melhoria da gestão de resíduos traz impactos socioeconômicos diretos para as cooperativas de catadores locais?;
Laurentino;33;O município mantém parcerias com instituições de ensino superior (como a UNIDAVI) para projetos ambientais?;
Laurentino;34;Qual a importância de trabalhos acadêmicos e projetos de tecnologia voltados para a gestão de resíduos no Alto Vale?;
Laurentino;35;Qual seria a orientação da prefeitura para as empresas reduzirem custos e melhorarem a gestão interna de resíduos?;
Laurentino;36;Como você avalia a atual estrutura de descarte do município em relação à conformidade legal?;
Laurentino;37;Existe alguma restrição formal para que o setor privado crie rotas de coleta própria de lixo eletrônico?;
Laurentino;38;A prefeitura teria interesse em utilizar este projeto de TCC (sistema em Python + Power BI) como um plano piloto?;
Laurentino;39;A prefeitura apoia a continuidade da coleta de dados e expansão do estudo no setor produtivo/ACIRS?;
Laurentino;40;Onde a população e as empresas podem consultar as informações oficiais sobre horários e rotas de coleta de lixo?;
Lontras;1;A prefeitura possui algum departamento responsável pela gestão de resíduos sólidos e quem é o responsável técnico?;
Lontras;2;O Plano Municipal de Resíduos Sólidos está atualizado?;
Lontras;3;Existe respaldo ou acompanhamento desse plano na prática?;
Lontras;4;A prefeitura realiza fiscalização ostensiva regular sobre o descarte de resíduos?;
Lontras;5;Qual é o destino final dos resíduos recicláveis e quais são as cooperativas de catadores cadastradas no município?;
Lontras;6;Quais leis e diretrizes municipais e nacionais regem a gestão de resíduos no município?;
Lontras;7;Existem canais de denúncia para descarte irregular de lixo e com que frequência são utilizados?;
Lontras;8;Todas as empresas da cidade são obrigadas a apresentar relatórios mensais de descarte de resíduos?;
Lontras;9;Quais são as leis ou decretos que preveem sanções e penalidades para infrações ambientais no município?;
Lontras;10;A prefeitura oferece algum incentivo fiscal direto para empresas que descartam resíduos de forma correta?;
Lontras;11;Como funciona a destinação de resíduos eletrônicos para empresas privadas e do setor de TIC?;
Lontras;12;O descarte inadequado ou irregular de resíduos ainda é um problema frequente na cidade?;
Lontras;13;Quais são os tipos de eletroeletrônicos mais comumente descartados e para onde vão os itens de maior porte?;
Lontras;14;Há registros ou regiões da cidade onde o volume de descarte de lixo é maior e qual a frequência de coleta nessas áreas?;
Lontras;15;Houve algum registro ou aplicação recente de multa por descumprimento das regras de descarte de e-lixo?;
Lontras;16;A prefeitura possui algum programa de coleta própria exclusivo para resíduos eletrônicos corporativos?;
Lontras;17;O município possui programas como o Penso, Logo Destino (PLD) e onde ficam os pontos de coleta de lâmpadas, pilhas e baterias?;
Lontras;18;Os resíduos volumosos exigem atenção ou logística diferenciada por parte da prefeitura/cooperativas?;
Lontras;19;Existe cobrança de taxa específica para a retirada de lixo eletrônico empresarial?;
Lontras;20;O município já conta com Pontos de Entrega Voluntária (PEV) estruturados para lixo eletrônico ou há previsão de instalação?;
Lontras;21;A concessionária de limpeza urbana possui plano de metas para a implantação de novos PEVs?;
Lontras;22;As taxas e procedimentos de coleta são uniformes em todos os bairros e setores?;
Lontras;23;Existe outro fiscal ou responsável direto no departamento além do engenheiro sanitarista?;
Lontras;24;Você acredita que o descarte incorreto ocorre por falta de conhecimento da população/empresas sobre os pontos de coleta?;
Lontras;25;As empresas locais têm demonstrado maior engajamento ou empenho na gestão ambiental nos últimos anos?;
Lontras;26;Qual é hoje a principal dificuldade ou gargalo operacional na gestão de resíduos sólidos da cidade?;
Lontras;27;Qual é o principal obstáculo enfrentado pelas empresas para manter a gestão correta de resíduos?;
Lontras;28;De onde vem a maior parte do volume de resíduos recebidos no município?;
Lontras;29;A prefeitura realiza campanhas publicitárias pagas contínuas sobre o descarte de e-lixo?;
Lontras;30;O município tem interesse em adotar novas tecnologias para controle e mapeamento do descarte?;
Lontras;31;Existe a possibilidade ou tentativa de implantar programas de benefícios (como cashback ou créditos por descarte) na cidade?;
Lontras;32;A melhoria da gestão de resíduos traz impactos socioeconômicos diretos para as cooperativas de catadores locais?;
Lontras;33;O município mantém parcerias com instituições de ensino superior (como a UNIDAVI) para projetos ambientais?;
Lontras;34;Qual a importância de trabalhos acadêmicos e projetos de tecnologia voltados para a gestão de resíduos no Alto Vale?;
Lontras;35;Qual seria a orientação da prefeitura para as empresas reduzirem custos e melhorarem a gestão interna de resíduos?;
Lontras;36;Como você avalia a atual estrutura de descarte do município em relação à conformidade legal?;
Lontras;37;Existe alguma restrição formal para que o setor privado crie rotas de coleta própria de lixo eletrônico?;
Lontras;38;A prefeitura teria interesse em utilizar este projeto de TCC (sistema em Python + Power BI) como um plano piloto?;
Lontras;39;A prefeitura apoia a continuidade da coleta de dados e expansão do estudo no setor produtivo/ACIRS?;
Lontras;40;Onde a população e as empresas podem consultar as informações oficiais sobre horários e rotas de coleta de lixo?;
Mirim Doce;1;A prefeitura possui algum departamento responsável pela gestão de resíduos sólidos e quem é o responsável técnico?;
Mirim Doce;2;O Plano Municipal de Resíduos Sólidos está atualizado?;
Mirim Doce;3;Existe respaldo ou acompanhamento desse plano na prática?;
Mirim Doce;4;A prefeitura realiza fiscalização ostensiva regular sobre o descarte de resíduos?;
Mirim Doce;5;Qual é o destino final dos resíduos recicláveis e quais são as cooperativas de catadores cadastradas no município?;
Mirim Doce;6;Quais leis e diretrizes municipais e nacionais regem a gestão de resíduos no município?;
Mirim Doce;7;Existem canais de denúncia para descarte irregular de lixo e com que frequência são utilizados?;
Mirim Doce;8;Todas as empresas da cidade são obrigadas a apresentar relatórios mensais de descarte de resíduos?;
Mirim Doce;9;Quais são as leis ou decretos que preveem sanções e penalidades para infrações ambientais no município?;
Mirim Doce;10;A prefeitura oferece algum incentivo fiscal direto para empresas que descartam resíduos de forma correta?;
Mirim Doce;11;Como funciona a destinação de resíduos eletrônicos para empresas privadas e do setor de TIC?;
Mirim Doce;12;O descarte inadequado ou irregular de resíduos ainda é um problema frequente na cidade?;
Mirim Doce;13;Quais são os tipos de eletroeletrônicos mais comumente descartados e para onde vão os itens de maior porte?;
Mirim Doce;14;Há registros ou regiões da cidade onde o volume de descarte de lixo é maior e qual a frequência de coleta nessas áreas?;
Mirim Doce;15;Houve algum registro ou aplicação recente de multa por descumprimento das regras de descarte de e-lixo?;
Mirim Doce;16;A prefeitura possui algum programa de coleta própria exclusivo para resíduos eletrônicos corporativos?;
Mirim Doce;17;O município possui programas como o Penso, Logo Destino (PLD) e onde ficam os pontos de coleta de lâmpadas, pilhas e baterias?;
Mirim Doce;18;Os resíduos volumosos exigem atenção ou logística diferenciada por parte da prefeitura/cooperativas?;
Mirim Doce;19;Existe cobrança de taxa específica para a retirada de lixo eletrônico empresarial?;
Mirim Doce;20;O município já conta com Pontos de Entrega Voluntária (PEV) estruturados para lixo eletrônico ou há previsão de instalação?;
Mirim Doce;21;A concessionária de limpeza urbana possui plano de metas para a implantação de novos PEVs?;
Mirim Doce;22;As taxas e procedimentos de coleta são uniformes em todos os bairros e setores?;
Mirim Doce;23;Existe outro fiscal ou responsável direto no departamento além do engenheiro sanitarista?;
Mirim Doce;24;Você acredita que o descarte incorreto ocorre por falta de conhecimento da população/empresas sobre os pontos de coleta?;
Mirim Doce;25;As empresas locais têm demonstrado maior engajamento ou empenho na gestão ambiental nos últimos anos?;
Mirim Doce;26;Qual é hoje a principal dificuldade ou gargalo operacional na gestão de resíduos sólidos da cidade?;
Mirim Doce;27;Qual é o principal obstáculo enfrentado pelas empresas para manter a gestão correta de resíduos?;
Mirim Doce;28;De onde vem a maior parte do volume de resíduos recebidos no município?;
Mirim Doce;29;A prefeitura realiza campanhas publicitárias pagas contínuas sobre o descarte de e-lixo?;
Mirim Doce;30;O município tem interesse em adotar novas tecnologias para controle e mapeamento do descarte?;
Mirim Doce;31;Existe a possibilidade ou tentativa de implantar programas de benefícios (como cashback ou créditos por descarte) na cidade?;
Mirim Doce;32;A melhoria da gestão de resíduos traz impactos socioeconômicos diretos para as cooperativas de catadores locais?;
Mirim Doce;33;O município mantém parcerias com instituições de ensino superior (como a UNIDAVI) para projetos ambientais?;
Mirim Doce;34;Qual a importância de trabalhos acadêmicos e projetos de tecnologia voltados para a gestão de resíduos no Alto Vale?;
Mirim Doce;35;Qual seria a orientação da prefeitura para as empresas reduzirem custos e melhorarem a gestão interna de resíduos?;
Mirim Doce;36;Como você avalia a atual estrutura de descarte do município em relação à conformidade legal?;
Mirim Doce;37;Existe alguma restrição formal para que o setor privado crie rotas de coleta própria de lixo eletrônico?;
Mirim Doce;38;A prefeitura teria interesse em utilizar este projeto de TCC (sistema em Python + Power BI) como um plano piloto?;
Mirim Doce;39;A prefeitura apoia a continuidade da coleta de dados e expansão do estudo no setor produtivo/ACIRS?;
Mirim Doce;40;Onde a população e as empresas podem consultar as informações oficiais sobre horários e rotas de coleta de lixo?;
Petrolândia;1;A prefeitura possui algum departamento responsável pela gestão de resíduos sólidos e quem é o responsável técnico?;
Petrolândia;2;O Plano Municipal de Resíduos Sólidos está atualizado?;
Petrolândia;3;Existe respaldo ou acompanhamento desse plano na prática?;
Petrolândia;4;A prefeitura realiza fiscalização ostensiva regular sobre o descarte de resíduos?;
Petrolândia;5;Qual é o destino final dos resíduos recicláveis e quais são as cooperativas de catadores cadastradas no município?;
Petrolândia;6;Quais leis e diretrizes municipais e nacionais regem a gestão de resíduos no município?;
Petrolândia;7;Existem canais de denúncia para descarte irregular de lixo e com que frequência são utilizados?;
Petrolândia;8;Todas as empresas da cidade são obrigadas a apresentar relatórios mensais de descarte de resíduos?;
Petrolândia;9;Quais são as leis ou decretos que preveem sanções e penalidades para infrações ambientais no município?;
Petrolândia;10;A prefeitura oferece algum incentivo fiscal direto para empresas que descartam resíduos de forma correta?;
Petrolândia;11;Como funciona a destinação de resíduos eletrônicos para empresas privadas e do setor de TIC?;
Petrolândia;12;O descarte inadequado ou irregular de resíduos ainda é um problema frequente na cidade?;
Petrolândia;13;Quais são os tipos de eletroeletrônicos mais comumente descartados e para onde vão os itens de maior porte?;
Petrolândia;14;Há registros ou regiões da cidade onde o volume de descarte de lixo é maior e qual a frequência de coleta nessas áreas?;
Petrolândia;15;Houve algum registro ou aplicação recente de multa por descumprimento das regras de descarte de e-lixo?;
Petrolândia;16;A prefeitura possui algum programa de coleta própria exclusivo para resíduos eletrônicos corporativos?;
Petrolândia;17;O município possui programas como o Penso, Logo Destino (PLD) e onde ficam os pontos de coleta de lâmpadas, pilhas e baterias?;
Petrolândia;18;Os resíduos volumosos exigem atenção ou logística diferenciada por parte da prefeitura/cooperativas?;
Petrolândia;19;Existe cobrança de taxa específica para a retirada de lixo eletrônico empresarial?;
Petrolândia;20;O município já conta com Pontos de Entrega Voluntária (PEV) estruturados para lixo eletrônico ou há previsão de instalação?;
Petrolândia;21;A concessionária de limpeza urbana possui plano de metas para a implantação de novos PEVs?;
Petrolândia;22;As taxas e procedimentos de coleta são uniformes em todos os bairros e setores?;
Petrolândia;23;Existe outro fiscal ou responsável direto no departamento além do engenheiro sanitarista?;
Petrolândia;24;Você acredita que o descarte incorreto ocorre por falta de conhecimento da população/empresas sobre os pontos de coleta?;
Petrolândia;25;As empresas locais têm demonstrado maior engajamento ou empenho na gestão ambiental nos últimos anos?;
Petrolândia;26;Qual é hoje a principal dificuldade ou gargalo operacional na gestão de resíduos sólidos da cidade?;
Petrolândia;27;Qual é o principal obstáculo enfrentado pelas empresas para manter a gestão correta de resíduos?;
Petrolândia;28;De onde vem a maior parte do volume de resíduos recebidos no município?;
Petrolândia;29;A prefeitura realiza campanhas publicitárias pagas contínuas sobre o descarte de e-lixo?;
Petrolândia;30;O município tem interesse em adotar novas tecnologias para controle e mapeamento do descarte?;
Petrolândia;31;Existe a possibilidade ou tentativa de implantar programas de benefícios (como cashback ou créditos por descarte) na cidade?;
Petrolândia;32;A melhoria da gestão de resíduos traz impactos socioeconômicos diretos para as cooperativas de catadores locais?;
Petrolândia;33;O município mantém parcerias com instituições de ensino superior (como a UNIDAVI) para projetos ambientais?;
Petrolândia;34;Qual a importância de trabalhos acadêmicos e projetos de tecnologia voltados para a gestão de resíduos no Alto Vale?;
Petrolândia;35;Qual seria a orientação da prefeitura para as empresas reduzirem custos e melhorarem a gestão interna de resíduos?;
Petrolândia;36;Como você avalia a atual estrutura de descarte do município em relação à conformidade legal?;
Petrolândia;37;Existe alguma restrição formal para que o setor privado crie rotas de coleta própria de lixo eletrônico?;
Petrolândia;38;A prefeitura teria interesse em utilizar este projeto de TCC (sistema em Python + Power BI) como um plano piloto?;
Petrolândia;39;A prefeitura apoia a continuidade da coleta de dados e expansão do estudo no setor produtivo/ACIRS?;
Petrolândia;40;Onde a população e as empresas podem consultar as informações oficiais sobre horários e rotas de coleta de lixo?;
Pouso Redondo;1;A prefeitura possui algum departamento responsável pela gestão de resíduos sólidos e quem é o responsável técnico?;
Pouso Redondo;2;O Plano Municipal de Resíduos Sólidos está atualizado?;
Pouso Redondo;3;Existe respaldo ou acompanhamento desse plano na prática?;
Pouso Redondo;4;A prefeitura realiza fiscalização ostensiva regular sobre o descarte de resíduos?;
Pouso Redondo;5;Qual é o destino final dos resíduos recicláveis e quais são as cooperativas de catadores cadastradas no município?;
Pouso Redondo;6;Quais leis e diretrizes municipais e nacionais regem a gestão de resíduos no município?;
Pouso Redondo;7;Existem canais de denúncia para descarte irregular de lixo e com que frequência são utilizados?;
Pouso Redondo;8;Todas as empresas da cidade são obrigadas a apresentar relatórios mensais de descarte de resíduos?;
Pouso Redondo;9;Quais são as leis ou decretos que preveem sanções e penalidades para infrações ambientais no município?;
Pouso Redondo;10;A prefeitura oferece algum incentivo fiscal direto para empresas que descartam resíduos de forma correta?;
Pouso Redondo;11;Como funciona a destinação de resíduos eletrônicos para empresas privadas e do setor de TIC?;
Pouso Redondo;12;O descarte inadequado ou irregular de resíduos ainda é um problema frequente na cidade?;
Pouso Redondo;13;Quais são os tipos de eletroeletrônicos mais comumente descartados e para onde vão os itens de maior porte?;
Pouso Redondo;14;Há registros ou regiões da cidade onde o volume de descarte de lixo é maior e qual a frequência de coleta nessas áreas?;
Pouso Redondo;15;Houve algum registro ou aplicação recente de multa por descumprimento das regras de descarte de e-lixo?;
Pouso Redondo;16;A prefeitura possui algum programa de coleta própria exclusivo para resíduos eletrônicos corporativos?;
Pouso Redondo;17;O município possui programas como o Penso, Logo Destino (PLD) e onde ficam os pontos de coleta de lâmpadas, pilhas e baterias?;
Pouso Redondo;18;Os resíduos volumosos exigem atenção ou logística diferenciada por parte da prefeitura/cooperativas?;
Pouso Redondo;19;Existe cobrança de taxa específica para a retirada de lixo eletrônico empresarial?;
Pouso Redondo;20;O município já conta com Pontos de Entrega Voluntária (PEV) estruturados para lixo eletrônico ou há previsão de instalação?;
Pouso Redondo;21;A concessionária de limpeza urbana possui plano de metas para a implantação de novos PEVs?;
Pouso Redondo;22;As taxas e procedimentos de coleta são uniformes em todos os bairros e setores?;
Pouso Redondo;23;Existe outro fiscal ou responsável direto no departamento além do engenheiro sanitarista?;
Pouso Redondo;24;Você acredita que o descarte incorreto ocorre por falta de conhecimento da população/empresas sobre os pontos de coleta?;
Pouso Redondo;25;As empresas locais têm demonstrado maior engajamento ou empenho na gestão ambiental nos últimos anos?;
Pouso Redondo;26;Qual é hoje a principal dificuldade ou gargalo operacional na gestão de resíduos sólidos da cidade?;
Pouso Redondo;27;Qual é o principal obstáculo enfrentado pelas empresas para manter a gestão correta de resíduos?;
Pouso Redondo;28;De onde vem a maior parte do volume de resíduos recebidos no município?;
Pouso Redondo;29;A prefeitura realiza campanhas publicitárias pagas contínuas sobre o descarte de e-lixo?;
Pouso Redondo;30;O município tem interesse em adotar novas tecnologias para controle e mapeamento do descarte?;
Pouso Redondo;31;Existe a possibilidade ou tentativa de implantar programas de benefícios (como cashback ou créditos por descarte) na cidade?;
Pouso Redondo;32;A melhoria da gestão de resíduos traz impactos socioeconômicos diretos para as cooperativas de catadores locais?;
Pouso Redondo;33;O município mantém parcerias com instituições de ensino superior (como a UNIDAVI) para projetos ambientais?;
Pouso Redondo;34;Qual a importância de trabalhos acadêmicos e projetos de tecnologia voltados para a gestão de resíduos no Alto Vale?;
Pouso Redondo;35;Qual seria a orientação da prefeitura para as empresas reduzirem custos e melhorarem a gestão interna de resíduos?;
Pouso Redondo;36;Como você avalia a atual estrutura de descarte do município em relação à conformidade legal?;
Pouso Redondo;37;Existe alguma restrição formal para que o setor privado crie rotas de coleta própria de lixo eletrônico?;
Pouso Redondo;38;A prefeitura teria interesse em utilizar este projeto de TCC (sistema em Python + Power BI) como um plano piloto?;
Pouso Redondo;39;A prefeitura apoia a continuidade da coleta de dados e expansão do estudo no setor produtivo/ACIRS?;
Pouso Redondo;40;Onde a população e as empresas podem consultar as informações oficiais sobre horários e rotas de coleta de lixo?;
Presidente Getúlio;1;A prefeitura possui algum departamento responsável pela gestão de resíduos sólidos e quem é o responsável técnico?;
Presidente Getúlio;2;O Plano Municipal de Resíduos Sólidos está atualizado?;
Presidente Getúlio;3;Existe respaldo ou acompanhamento desse plano na prática?;
Presidente Getúlio;4;A prefeitura realiza fiscalização ostensiva regular sobre o descarte de resíduos?;
Presidente Getúlio;5;Qual é o destino final dos resíduos recicláveis e quais são as cooperativas de catadores cadastradas no município?;
Presidente Getúlio;6;Quais leis e diretrizes municipais e nacionais regem a gestão de resíduos no município?;
Presidente Getúlio;7;Existem canais de denúncia para descarte irregular de lixo e com que frequência são utilizados?;
Presidente Getúlio;8;Todas as empresas da cidade são obrigadas a apresentar relatórios mensais de descarte de resíduos?;
Presidente Getúlio;9;Quais são as leis ou decretos que preveem sanções e penalidades para infrações ambientais no município?;
Presidente Getúlio;10;A prefeitura oferece algum incentivo fiscal direto para empresas que descartam resíduos de forma correta?;
Presidente Getúlio;11;Como funciona a destinação de resíduos eletrônicos para empresas privadas e do setor de TIC?;
Presidente Getúlio;12;O descarte inadequado ou irregular de resíduos ainda é um problema frequente na cidade?;
Presidente Getúlio;13;Quais são os tipos de eletroeletrônicos mais comumente descartados e para onde vão os itens de maior porte?;
Presidente Getúlio;14;Há registros ou regiões da cidade onde o volume de descarte de lixo é maior e qual a frequência de coleta nessas áreas?;
Presidente Getúlio;15;Houve algum registro ou aplicação recente de multa por descumprimento das regras de descarte de e-lixo?;
Presidente Getúlio;16;A prefeitura possui algum programa de coleta própria exclusivo para resíduos eletrônicos corporativos?;
Presidente Getúlio;17;O município possui programas como o Penso, Logo Destino (PLD) e onde ficam os pontos de coleta de lâmpadas, pilhas e baterias?;
Presidente Getúlio;18;Os resíduos volumosos exigem atenção ou logística diferenciada por parte da prefeitura/cooperativas?;
Presidente Getúlio;19;Existe cobrança de taxa específica para a retirada de lixo eletrônico empresarial?;
Presidente Getúlio;20;O município já conta com Pontos de Entrega Voluntária (PEV) estruturados para lixo eletrônico ou há previsão de instalação?;
Presidente Getúlio;21;A concessionária de limpeza urbana possui plano de metas para a implantação de novos PEVs?;
Presidente Getúlio;22;As taxas e procedimentos de coleta são uniformes em todos os bairros e setores?;
Presidente Getúlio;23;Existe outro fiscal ou responsável direto no departamento além do engenheiro sanitarista?;
Presidente Getúlio;24;Você acredita que o descarte incorreto ocorre por falta de conhecimento da população/empresas sobre os pontos de coleta?;
Presidente Getúlio;25;As empresas locais têm demonstrado maior engajamento ou empenho na gestão ambiental nos últimos anos?;
Presidente Getúlio;26;Qual é hoje a principal dificuldade ou gargalo operacional na gestão de resíduos sólidos da cidade?;
Presidente Getúlio;27;Qual é o principal obstáculo enfrentado pelas empresas para manter a gestão correta de resíduos?;
Presidente Getúlio;28;De onde vem a maior parte do volume de resíduos recebidos no município?;
Presidente Getúlio;29;A prefeitura realiza campanhas publicitárias pagas contínuas sobre o descarte de e-lixo?;
Presidente Getúlio;30;O município tem interesse em adotar novas tecnologias para controle e mapeamento do descarte?;
Presidente Getúlio;31;Existe a possibilidade ou tentativa de implantar programas de benefícios (como cashback ou créditos por descarte) na cidade?;
Presidente Getúlio;32;A melhoria da gestão de resíduos traz impactos socioeconômicos diretos para as cooperativas de catadores locais?;
Presidente Getúlio;33;O município mantém parcerias com instituições de ensino superior (como a UNIDAVI) para projetos ambientais?;
Presidente Getúlio;34;Qual a importância de trabalhos acadêmicos e projetos de tecnologia voltados para a gestão de resíduos no Alto Vale?;
Presidente Getúlio;35;Qual seria a orientação da prefeitura para as empresas reduzirem custos e melhorarem a gestão interna de resíduos?;
Presidente Getúlio;36;Como você avalia a atual estrutura de descarte do município em relação à conformidade legal?;
Presidente Getúlio;37;Existe alguma restrição formal para que o setor privado crie rotas de coleta própria de lixo eletrônico?;
Presidente Getúlio;38;A prefeitura teria interesse em utilizar este projeto de TCC (sistema em Python + Power BI) como um plano piloto?;
Presidente Getúlio;39;A prefeitura apoia a continuidade da coleta de dados e expansão do estudo no setor produtivo/ACIRS?;
Presidente Getúlio;40;Onde a população e as empresas podem consultar as informações oficiais sobre horários e rotas de coleta de lixo?;
Presidente Nereu;1;A prefeitura possui algum departamento responsável pela gestão de resíduos sólidos e quem é o responsável técnico?;
Presidente Nereu;2;O Plano Municipal de Resíduos Sólidos está atualizado?;
Presidente Nereu;3;Existe respaldo ou acompanhamento desse plano na prática?;
Presidente Nereu;4;A prefeitura realiza fiscalização ostensiva regular sobre o descarte de resíduos?;
Presidente Nereu;5;Qual é o destino final dos resíduos recicláveis e quais são as cooperativas de catadores cadastradas no município?;
Presidente Nereu;6;Quais leis e diretrizes municipais e nacionais regem a gestão de resíduos no município?;
Presidente Nereu;7;Existem canais de denúncia para descarte irregular de lixo e com que frequência são utilizados?;
Presidente Nereu;8;Todas as empresas da cidade são obrigadas a apresentar relatórios mensais de descarte de resíduos?;
Presidente Nereu;9;Quais são as leis ou decretos que preveem sanções e penalidades para infrações ambientais no município?;
Presidente Nereu;10;A prefeitura oferece algum incentivo fiscal direto para empresas que descartam resíduos de forma correta?;
Presidente Nereu;11;Como funciona a destinação de resíduos eletrônicos para empresas privadas e do setor de TIC?;
Presidente Nereu;12;O descarte inadequado ou irregular de resíduos ainda é um problema frequente na cidade?;
Presidente Nereu;13;Quais são os tipos de eletroeletrônicos mais comumente descartados e para onde vão os itens de maior porte?;
Presidente Nereu;14;Há registros ou regiões da cidade onde o volume de descarte de lixo é maior e qual a frequência de coleta nessas áreas?;
Presidente Nereu;15;Houve algum registro ou aplicação recente de multa por descumprimento das regras de descarte de e-lixo?;
Presidente Nereu;16;A prefeitura possui algum programa de coleta própria exclusivo para resíduos eletrônicos corporativos?;
Presidente Nereu;17;O município possui programas como o Penso, Logo Destino (PLD) e onde ficam os pontos de coleta de lâmpadas, pilhas e baterias?;
Presidente Nereu;18;Os resíduos volumosos exigem atenção ou logística diferenciada por parte da prefeitura/cooperativas?;
Presidente Nereu;19;Existe cobrança de taxa específica para a retirada de lixo eletrônico empresarial?;
Presidente Nereu;20;O município já conta com Pontos de Entrega Voluntária (PEV) estruturados para lixo eletrônico ou há previsão de instalação?;
Presidente Nereu;21;A concessionária de limpeza urbana possui plano de metas para a implantação de novos PEVs?;
Presidente Nereu;22;As taxas e procedimentos de coleta são uniformes em todos os bairros e setores?;
Presidente Nereu;23;Existe outro fiscal ou responsável direto no departamento além do engenheiro sanitarista?;
Presidente Nereu;24;Você acredita que o descarte incorreto ocorre por falta de conhecimento da população/empresas sobre os pontos de coleta?;
Presidente Nereu;25;As empresas locais têm demonstrado maior engajamento ou empenho na gestão ambiental nos últimos anos?;
Presidente Nereu;26;Qual é hoje a principal dificuldade ou gargalo operacional na gestão de resíduos sólidos da cidade?;
Presidente Nereu;27;Qual é o principal obstáculo enfrentado pelas empresas para manter a gestão correta de resíduos?;
Presidente Nereu;28;De onde vem a maior parte do volume de resíduos recebidos no município?;
Presidente Nereu;29;A prefeitura realiza campanhas publicitárias pagas contínuas sobre o descarte de e-lixo?;
Presidente Nereu;30;O município tem interesse em adotar novas tecnologias para controle e mapeamento do descarte?;
Presidente Nereu;31;Existe a possibilidade ou tentativa de implantar programas de benefícios (como cashback ou créditos por descarte) na cidade?;
Presidente Nereu;32;A melhoria da gestão de resíduos traz impactos socioeconômicos diretos para as cooperativas de catadores locais?;
Presidente Nereu;33;O município mantém parcerias com instituições de ensino superior (como a UNIDAVI) para projetos ambientais?;
Presidente Nereu;34;Qual a importância de trabalhos acadêmicos e projetos de tecnologia voltados para a gestão de resíduos no Alto Vale?;
Presidente Nereu;35;Qual seria a orientação da prefeitura para as empresas reduzirem custos e melhorarem a gestão interna de resíduos?;
Presidente Nereu;36;Como você avalia a atual estrutura de descarte do município em relação à conformidade legal?;
Presidente Nereu;37;Existe alguma restrição formal para que o setor privado crie rotas de coleta própria de lixo eletrônico?;
Presidente Nereu;38;A prefeitura teria interesse em utilizar este projeto de TCC (sistema em Python + Power BI) como um plano piloto?;
Presidente Nereu;39;A prefeitura apoia a continuidade da coleta de dados e expansão do estudo no setor produtivo/ACIRS?;
Presidente Nereu;40;Onde a população e as empresas podem consultar as informações oficiais sobre horários e rotas de coleta de lixo?;
Rio do Campo;1;A prefeitura possui algum departamento responsável pela gestão de resíduos sólidos e quem é o responsável técnico?;
Rio do Campo;2;O Plano Municipal de Resíduos Sólidos está atualizado?;
Rio do Campo;3;Existe respaldo ou acompanhamento desse plano na prática?;
Rio do Campo;4;A prefeitura realiza fiscalização ostensiva regular sobre o descarte de resíduos?;
Rio do Campo;5;Qual é o destino final dos resíduos recicláveis e quais são as cooperativas de catadores cadastradas no município?;
Rio do Campo;6;Quais leis e diretrizes municipais e nacionais regem a gestão de resíduos no município?;
Rio do Campo;7;Existem canais de denúncia para descarte irregular de lixo e com que frequência são utilizados?;
Rio do Campo;8;Todas as empresas da cidade são obrigadas a apresentar relatórios mensais de descarte de resíduos?;
Rio do Campo;9;Quais são as leis ou decretos que preveem sanções e penalidades para infrações ambientais no município?;
Rio do Campo;10;A prefeitura oferece algum incentivo fiscal direto para empresas que descartam resíduos de forma correta?;
Rio do Campo;11;Como funciona a destinação de resíduos eletrônicos para empresas privadas e do setor de TIC?;
Rio do Campo;12;O descarte inadequado ou irregular de resíduos ainda é um problema frequente na cidade?;
Rio do Campo;13;Quais são os tipos de eletroeletrônicos mais comumente descartados e para onde vão os itens de maior porte?;
Rio do Campo;14;Há registros ou regiões da cidade onde o volume de descarte de lixo é maior e qual a frequência de coleta nessas áreas?;
Rio do Campo;15;Houve algum registro ou aplicação recente de multa por descumprimento das regras de descarte de e-lixo?;
Rio do Campo;16;A prefeitura possui algum programa de coleta própria exclusivo para resíduos eletrônicos corporativos?;
Rio do Campo;17;O município possui programas como o Penso, Logo Destino (PLD) e onde ficam os pontos de coleta de lâmpadas, pilhas e baterias?;
Rio do Campo;18;Os resíduos volumosos exigem atenção ou logística diferenciada por parte da prefeitura/cooperativas?;
Rio do Campo;19;Existe cobrança de taxa específica para a retirada de lixo eletrônico empresarial?;
Rio do Campo;20;O município já conta com Pontos de Entrega Voluntária (PEV) estruturados para lixo eletrônico ou há previsão de instalação?;
Rio do Campo;21;A concessionária de limpeza urbana possui plano de metas para a implantação de novos PEVs?;
Rio do Campo;22;As taxas e procedimentos de coleta são uniformes em todos os bairros e setores?;
Rio do Campo;23;Existe outro fiscal ou responsável direto no departamento além do engenheiro sanitarista?;
Rio do Campo;24;Você acredita que o descarte incorreto ocorre por falta de conhecimento da população/empresas sobre os pontos de coleta?;
Rio do Campo;25;As empresas locais têm demonstrado maior engajamento ou empenho na gestão ambiental nos últimos anos?;
Rio do Campo;26;Qual é hoje a principal dificuldade ou gargalo operacional na gestão de resíduos sólidos da cidade?;
Rio do Campo;27;Qual é o principal obstáculo enfrentado pelas empresas para manter a gestão correta de resíduos?;
Rio do Campo;28;De onde vem a maior parte do volume de resíduos recebidos no município?;
Rio do Campo;29;A prefeitura realiza campanhas publicitárias pagas contínuas sobre o descarte de e-lixo?;
Rio do Campo;30;O município tem interesse em adotar novas tecnologias para controle e mapeamento do descarte?;
Rio do Campo;31;Existe a possibilidade ou tentativa de implantar programas de benefícios (como cashback ou créditos por descarte) na cidade?;
Rio do Campo;32;A melhoria da gestão de resíduos traz impactos socioeconômicos diretos para as cooperativas de catadores locais?;
Rio do Campo;33;O município mantém parcerias com instituições de ensino superior (como a UNIDAVI) para projetos ambientais?;
Rio do Campo;34;Qual a importância de trabalhos acadêmicos e projetos de tecnologia voltados para a gestão de resíduos no Alto Vale?;
Rio do Campo;35;Qual seria a orientação da prefeitura para as empresas reduzirem custos e melhorarem a gestão interna de resíduos?;
Rio do Campo;36;Como você avalia a atual estrutura de descarte do município em relação à conformidade legal?;
Rio do Campo;37;Existe alguma restrição formal para que o setor privado crie rotas de coleta própria de lixo eletrônico?;
Rio do Campo;38;A prefeitura teria interesse em utilizar este projeto de TCC (sistema em Python + Power BI) como um plano piloto?;
Rio do Campo;39;A prefeitura apoia a continuidade da coleta de dados e expansão do estudo no setor produtivo/ACIRS?;
Rio do Campo;40;Onde a população e as empresas podem consultar as informações oficiais sobre horários e rotas de coleta de lixo?;
Rio do Oeste;1;A prefeitura possui algum departamento responsável pela gestão de resíduos sólidos e quem é o responsável técnico?;
Rio do Oeste;2;O Plano Municipal de Resíduos Sólidos está atualizado?;
Rio do Oeste;3;Existe respaldo ou acompanhamento desse plano na prática?;
Rio do Oeste;4;A prefeitura realiza fiscalização ostensiva regular sobre o descarte de resíduos?;
Rio do Oeste;5;Qual é o destino final dos resíduos recicláveis e quais são as cooperativas de catadores cadastradas no município?;
Rio do Oeste;6;Quais leis e diretrizes municipais e nacionais regem a gestão de resíduos no município?;
Rio do Oeste;7;Existem canais de denúncia para descarte irregular de lixo e com que frequência são utilizados?;
Rio do Oeste;8;Todas as empresas da cidade são obrigadas a apresentar relatórios mensais de descarte de resíduos?;
Rio do Oeste;9;Quais são as leis ou decretos que preveem sanções e penalidades para infrações ambientais no município?;
Rio do Oeste;10;A prefeitura oferece algum incentivo fiscal direto para empresas que descartam resíduos de forma correta?;
Rio do Oeste;11;Como funciona a destinação de resíduos eletrônicos para empresas privadas e do setor de TIC?;
Rio do Oeste;12;O descarte inadequado ou irregular de resíduos ainda é um problema frequente na cidade?;
Rio do Oeste;13;Quais são os tipos de eletroeletrônicos mais comumente descartados e para onde vão os itens de maior porte?;
Rio do Oeste;14;Há registros ou regiões da cidade onde o volume de descarte de lixo é maior e qual a frequência de coleta nessas áreas?;
Rio do Oeste;15;Houve algum registro ou aplicação recente de multa por descumprimento das regras de descarte de e-lixo?;
Rio do Oeste;16;A prefeitura possui algum programa de coleta própria exclusivo para resíduos eletrônicos corporativos?;
Rio do Oeste;17;O município possui programas como o Penso, Logo Destino (PLD) e onde ficam os pontos de coleta de lâmpadas, pilhas e baterias?;
Rio do Oeste;18;Os resíduos volumosos exigem atenção ou logística diferenciada por parte da prefeitura/cooperativas?;
Rio do Oeste;19;Existe cobrança de taxa específica para a retirada de lixo eletrônico empresarial?;
Rio do Oeste;20;O município já conta com Pontos de Entrega Voluntária (PEV) estruturados para lixo eletrônico ou há previsão de instalação?;
Rio do Oeste;21;A concessionária de limpeza urbana possui plano de metas para a implantação de novos PEVs?;
Rio do Oeste;22;As taxas e procedimentos de coleta são uniformes em todos os bairros e setores?;
Rio do Oeste;23;Existe outro fiscal ou responsável direto no departamento além do engenheiro sanitarista?;
Rio do Oeste;24;Você acredita que o descarte incorreto ocorre por falta de conhecimento da população/empresas sobre os pontos de coleta?;
Rio do Oeste;25;As empresas locais têm demonstrado maior engajamento ou empenho na gestão ambiental nos últimos anos?;
Rio do Oeste;26;Qual é hoje a principal dificuldade ou gargalo operacional na gestão de resíduos sólidos da cidade?;
Rio do Oeste;27;Qual é o principal obstáculo enfrentado pelas empresas para manter a gestão correta de resíduos?;
Rio do Oeste;28;De onde vem a maior parte do volume de resíduos recebidos no município?;
Rio do Oeste;29;A prefeitura realiza campanhas publicitárias pagas contínuas sobre o descarte de e-lixo?;
Rio do Oeste;30;O município tem interesse em adotar novas tecnologias para controle e mapeamento do descarte?;
Rio do Oeste;31;Existe a possibilidade ou tentativa de implantar programas de benefícios (como cashback ou créditos por descarte) na cidade?;
Rio do Oeste;32;A melhoria da gestão de resíduos traz impactos socioeconômicos diretos para as cooperativas de catadores locais?;
Rio do Oeste;33;O município mantém parcerias com instituições de ensino superior (como a UNIDAVI) para projetos ambientais?;
Rio do Oeste;34;Qual a importância de trabalhos acadêmicos e projetos de tecnologia voltados para a gestão de resíduos no Alto Vale?;
Rio do Oeste;35;Qual seria a orientação da prefeitura para as empresas reduzirem custos e melhorarem a gestão interna de resíduos?;
Rio do Oeste;36;Como você avalia a atual estrutura de descarte do município em relação à conformidade legal?;
Rio do Oeste;37;Existe alguma restrição formal para que o setor privado crie rotas de coleta própria de lixo eletrônico?;
Rio do Oeste;38;A prefeitura teria interesse em utilizar este projeto de TCC (sistema em Python + Power BI) como um plano piloto?;
Rio do Oeste;39;A prefeitura apoia a continuidade da coleta de dados e expansão do estudo no setor produtivo/ACIRS?;
Rio do Oeste;40;Onde a população e as empresas podem consultar as informações oficiais sobre horários e rotas de coleta de lixo?;
Rio do Sul;1;A prefeitura possui algum departamento responsável pela gestão de resíduos sólidos e quem é o responsável técnico?;Sim, A Prefeitura possui um departamento responsável pela gestão de resíduos sólidos. O responsável técnico informado é o engenheiro sanitarista Emerson Souza.
Rio do Sul;2;O Plano Municipal de Resíduos Sólidos está atualizado?;Sim, Segundo o entrevistado, o plano foi atualizado no ano anterior à entrevista.
Rio do Sul;3;Existe respaldo ou acompanhamento desse plano na prática?;Sim, Foi informado que existe acompanhamento do plano na prática.
Rio do Sul;4;A prefeitura realiza fiscalização ostensiva regular sobre o descarte de resíduos?;Não, Foi informado que não há fiscalização ostensiva regular sobre o descarte de resíduos.
Rio do Sul;5;Qual é o destino final dos resíduos recicláveis e quais são as cooperativas de catadores cadastradas no município?;Os resíduos recicláveis são destinados a organizações de catadores/reciclagem. Foram mencionadas Barra do Trombudo, ASCARBAT, Associação Recicla Rio do Sul e Reciclagem do Wilson.
Rio do Sul;6;Quais leis e diretrizes municipais e nacionais regem a gestão de resíduos no município?;Foram mencionados como referências a Política Nacional de Resíduos Sólidos e o Plano Municipal de Resíduos Sólidos.
Rio do Sul;7;Existem canais de denúncia para descarte irregular de lixo e com que frequência são utilizados?;A Ouvidoria disponível no site da Prefeitura pode receber denúncias relacionadas ao descarte irregular. Segundo o entrevistado, esse tipo de denúncia ocorre raramente.
Rio do Sul;8;Todas as empresas da cidade são obrigadas a apresentar relatórios mensais de descarte de resíduos?;Não, Essa exigência está relacionada às empresas sujeitas ao licenciamento ambiental.
Rio do Sul;9;Quais são as leis ou decretos que preveem sanções e penalidades para infrações ambientais no município?;Foram mencionados o Decreto nº 9.399/2020, especialmente os artigos 61 e 62, e o Decreto Federal nº 6.514/2008.
Rio do Sul;10;A prefeitura oferece algum incentivo fiscal direto para empresas que descartam resíduos de forma correta?;Não, Foi informado que não existe incentivo fiscal direto dessa natureza.
Rio do Sul;11;Como funciona a destinação de resíduos eletrônicos para empresas privadas e do setor de TIC?;Segundo o entrevistado, empresas privadas, incluindo empresas do setor de TIC, encaminham seus resíduos eletrônicos para empresas especializadas do setor privado, podendo possuir contratos próprios para essa destinação.
Rio do Sul;12;O descarte inadequado ou irregular de resíduos ainda é um problema frequente na cidade?;Sim, Foi informado que o descarte inadequado ou irregular ainda ocorre com frequência no município.
Rio do Sul;13;Quais são os tipos de eletroeletrônicos mais comumente descartados e para onde vão os itens de maior porte?;Foram mencionados rádios, telas de computador, televisores, liquidificadores e impressoras. Os equipamentos de maior porte são encaminhados diretamente às organizações responsáveis pela reciclagem/coleta.
Rio do Sul;14;Há registros ou regiões da cidade onde o volume de descarte de lixo é maior e qual a frequência de coleta nessas áreas?;Sim. Foram relatados registros em áreas de maior poder aquisitivo. Nessas regiões, a coleta ocorre pelo menos duas vezes por semana.
Rio do Sul;15;Houve algum registro ou aplicação recente de multa por descumprimento das regras de descarte de e-lixo?;Não foi relatado registro recente de aplicação de multa por esse motivo.
Rio do Sul;16;A prefeitura possui algum programa de coleta própria exclusivo para resíduos eletrônicos corporativos?;Não, O município não possui programa próprio exclusivo para a coleta de resíduos eletrônicos corporativos.
Rio do Sul;17;O município possui programas como o Penso, Logo Destino (PLD) e onde ficam os pontos de coleta de lâmpadas, pilhas e baterias?;Sim, Foi mencionado o programa Penso, Logo Destino (PLD). Foram citados pontos/localidades na Rua 15 de Novembro, Centro, Progresso, Canta Galo, Laranjeiras e Avenida Aristiliano Ramos. Também foram mencionados supermercados como locais de recebimento de pilhas e baterias, além de ciclos específicos para lâmpadas e a sede do IMA no bairro Eugênio Schneider.
Rio do Sul;18;Os resíduos volumosos exigem atenção ou logística diferenciada por parte da prefeitura/cooperativas?;Sim, Os resíduos de maior porte exigem atenção e logística diferenciadas.
Rio do Sul;19;Existe cobrança de taxa específica para a retirada de lixo eletrônico empresarial?;Não, Foi informado que não existe taxa específica para essa finalidade.
Rio do Sul;20;O município já conta com Pontos de Entrega Voluntária (PEV) estruturados para lixo eletrônico ou há previsão de instalação?;Ainda não, Foi informada previsão de implantação de Pontos de Entrega Voluntária (PEVs), incluindo pontos para resíduos eletrônicos no Parque do Farol e no Parque Ermembergo Pellizzetti, dentro do planejamento da concessão.
Rio do Sul;21;A concessionária de limpeza urbana possui plano de metas para a implantação de novos PEVs?;Sim, Foi mencionado o Consórcio Riosulense e um planejamento iniciado em 2025 que prevê a implantação de PEVs ao longo do período da concessão, informado como sendo de 30 anos.
Rio do Sul;22;As taxas e procedimentos de coleta são uniformes em todos os bairros e setores?;Não, Foi informado que as taxas e os procedimentos não são uniformes em todos os bairros e setores.
Rio do Sul;23;Existe outro fiscal ou responsável direto no departamento além do engenheiro sanitarista?;Sim, Além do engenheiro sanitarista responsável pela gestão de resíduos sólidos, foi mencionado Ricardo Payter como outro profissional que atua diretamente no departamento.
Rio do Sul;24;Você acredita que o descarte incorreto ocorre por falta de conhecimento da população/empresas sobre os pontos de coleta?;Segundo o entrevistado, atualmente o desconhecimento não é considerado uma das principais causas, pois existe maior facilidade de acesso às informações e aos meios de destinação.
Rio do Sul;25;As empresas locais têm demonstrado maior engajamento ou empenho na gestão ambiental nos últimos anos?;Sim, Foi percebido aumento do empenho das empresas na gestão ambiental.
Rio do Sul;26;Qual é hoje a principal dificuldade ou gargalo operacional na gestão de resíduos sólidos da cidade?;O principal gargalo apontado está relacionado à infraestrutura de coleta e armazenamento, especialmente no tratamento de resíduos volumosos.
Rio do Sul;27;Qual é o principal obstáculo enfrentado pelas empresas para manter a gestão correta de resíduos?;O principal obstáculo apontado é financeiro.
Rio do Sul;28;De onde vem a maior parte do volume de resíduos recebidos no município?;O volume recebido é proveniente principalmente de lojas, residências e do comércio em geral.
Rio do Sul;29;A prefeitura realiza campanhas publicitárias pagas contínuas sobre o descarte de e-lixo?;Não, Foi informado que não são realizadas campanhas publicitárias pagas de forma contínua especificamente sobre o descarte de resíduos eletrônicos.
Rio do Sul;30;O município tem interesse em adotar novas tecnologias para controle e mapeamento do descarte?;Sim, Foi demonstrado interesse na adoção de novas tecnologias para controle e mapeamento do descarte.
Rio do Sul;31;Existe a possibilidade ou tentativa de implantar programas de benefícios (como cashback ou créditos por descarte) na cidade?;Foram discutidas possibilidades de benefícios associados à melhoria da infraestrutura e ao descarte adequado. Como referência, foi mencionada uma iniciativa de São Bento do Sul envolvendo créditos relacionados ao descarte correto de resíduos eletrônicos. Segundo o entrevistado, houve tentativa de trazer iniciativa semelhante para Rio do Sul, mas não houve interesse da instituição bancária envolvida. Também foram mencionados Retorna Machine, a Usina Salto Pilão/consórcio empresarial e tentativa de articulação com a UNIDAVI para 2026.
Rio do Sul;32;A melhoria da gestão de resíduos traz impactos socioeconômicos diretos para as cooperativas de catadores locais?;Sim, Segundo o entrevistado, uma gestão mais eficiente pode beneficiar as associações de catadores, favorecer a economia circular e gerar impactos econômicos positivos gerando royalties.
Rio do Sul;33;O município mantém parcerias com instituições de ensino superior (como a UNIDAVI) para projetos ambientais?;Sim, Foram mencionadas diversas parcerias com a UNIDAVI, embora tenha sido relatada dificuldade relacionada ao retorno de contatos. O projeto “Meu Rio, Nosso Rio” foi citado como exemplo de iniciativa com participação da instituição.
Rio do Sul;34;Qual a importância de trabalhos acadêmicos e projetos de tecnologia voltados para a gestão de resíduos no Alto Vale?;O entrevistado considera esses trabalhos importantes por possibilitarem a apresentação de ideias e soluções inovadoras. Também avaliou que o projeto desenvolvido neste TCC pode gerar contribuição relevante para a região.
Rio do Sul;35;Qual seria a orientação da prefeitura para as empresas reduzirem custos e melhorarem a gestão interna de resíduos?;A orientação é melhorar a separação e a gestão interna dos resíduos, garantindo sua destinação correta. Foi relatado que a mistura de materiais recicláveis com resíduos contaminados de Classe I pode elevar significativamente os custos de destinação.
Rio do Sul;36;Como você avalia a atual estrutura de descarte do município em relação à conformidade legal?;A estrutura atual foi avaliada como adequada.
Rio do Sul;37;Existe alguma restrição formal para que o setor privado crie rotas de coleta própria de lixo eletrônico?;Não foi indicada restrição formal para essa iniciativa.
Rio do Sul;38;A prefeitura teria interesse em utilizar este projeto de TCC (sistema em Python + Power BI) como um plano piloto?;Sim, Foi demonstrado interesse na possibilidade de utilização do projeto como plano piloto após a conclusão do TCC.
Rio do Sul;39;A prefeitura apoia a continuidade da coleta de dados e expansão do estudo no setor produtivo/ACIRS?;Sim, Foi manifestado apoio à continuidade da coleta de dados e à expansão do estudo.
Rio do Sul;40;Onde a população e as empresas podem consultar as informações oficiais sobre horários e rotas de coleta de lixo?;As informações podem ser consultadas no site oficial do Município de Rio do Sul, na página referente à coleta de lixo orgânico e reciclável. (riodosul.atende.net/cidadão/pagina/coleta-de-lixo-organico-e-reciclavel)
Salete;1;A prefeitura possui algum departamento responsável pela gestão de resíduos sólidos e quem é o responsável técnico?;
Salete;2;O Plano Municipal de Resíduos Sólidos está atualizado?;
Salete;3;Existe respaldo ou acompanhamento desse plano na prática?;
Salete;4;A prefeitura realiza fiscalização ostensiva regular sobre o descarte de resíduos?;
Salete;5;Qual é o destino final dos resíduos recicláveis e quais são as cooperativas de catadores cadastradas no município?;
Salete;6;Quais leis e diretrizes municipais e nacionais regem a gestão de resíduos no município?;
Salete;7;Existem canais de denúncia para descarte irregular de lixo e com que frequência são utilizados?;
Salete;8;Todas as empresas da cidade são obrigadas a apresentar relatórios mensais de descarte de resíduos?;
Salete;9;Quais são as leis ou decretos que preveem sanções e penalidades para infrações ambientais no município?;
Salete;10;A prefeitura oferece algum incentivo fiscal direto para empresas que descartam resíduos de forma correta?;
Salete;11;Como funciona a destinação de resíduos eletrônicos para empresas privadas e do setor de TIC?;
Salete;12;O descarte inadequado ou irregular de resíduos ainda é um problema frequente na cidade?;
Salete;13;Quais são os tipos de eletroeletrônicos mais comumente descartados e para onde vão os itens de maior porte?;
Salete;14;Há registros ou regiões da cidade onde o volume de descarte de lixo é maior e qual a frequência de coleta nessas áreas?;
Salete;15;Houve algum registro ou aplicação recente de multa por descumprimento das regras de descarte de e-lixo?;
Salete;16;A prefeitura possui algum programa de coleta própria exclusivo para resíduos eletrônicos corporativos?;
Salete;17;O município possui programas como o Penso, Logo Destino (PLD) e onde ficam os pontos de coleta de lâmpadas, pilhas e baterias?;
Salete;18;Os resíduos volumosos exigem atenção ou logística diferenciada por parte da prefeitura/cooperativas?;
Salete;19;Existe cobrança de taxa específica para a retirada de lixo eletrônico empresarial?;
Salete;20;O município já conta com Pontos de Entrega Voluntária (PEV) estruturados para lixo eletrônico ou há previsão de instalação?;
Salete;21;A concessionária de limpeza urbana possui plano de metas para a implantação de novos PEVs?;
Salete;22;As taxas e procedimentos de coleta são uniformes em todos os bairros e setores?;
Salete;23;Existe outro fiscal ou responsável direto no departamento além do engenheiro sanitarista?;
Salete;24;Você acredita que o descarte incorreto ocorre por falta de conhecimento da população/empresas sobre os pontos de coleta?;
Salete;25;As empresas locais têm demonstrado maior engajamento ou empenho na gestão ambiental nos últimos anos?;
Salete;26;Qual é hoje a principal dificuldade ou gargalo operacional na gestão de resíduos sólidos da cidade?;
Salete;27;Qual é o principal obstáculo enfrentado pelas empresas para manter a gestão correta de resíduos?;
Salete;28;De onde vem a maior parte do volume de resíduos recebidos no município?;
Salete;29;A prefeitura realiza campanhas publicitárias pagas contínuas sobre o descarte de e-lixo?;
Salete;30;O município tem interesse em adotar novas tecnologias para controle e mapeamento do descarte?;
Salete;31;Existe a possibilidade ou tentativa de implantar programas de benefícios (como cashback ou créditos por descarte) na cidade?;
Salete;32;A melhoria da gestão de resíduos traz impactos socioeconômicos diretos para as cooperativas de catadores locais?;
Salete;33;O município mantém parcerias com instituições de ensino superior (como a UNIDAVI) para projetos ambientais?;
Salete;34;Qual a importância de trabalhos acadêmicos e projetos de tecnologia voltados para a gestão de resíduos no Alto Vale?;
Salete;35;Qual seria a orientação da prefeitura para as empresas reduzirem custos e melhorarem a gestão interna de resíduos?;
Salete;36;Como você avalia a atual estrutura de descarte do município em relação à conformidade legal?;
Salete;37;Existe alguma restrição formal para que o setor privado crie rotas de coleta própria de lixo eletrônico?;
Salete;38;A prefeitura teria interesse em utilizar este projeto de TCC (sistema em Python + Power BI) como um plano piloto?;
Salete;39;A prefeitura apoia a continuidade da coleta de dados e expansão do estudo no setor produtivo/ACIRS?;
Salete;40;Onde a população e as empresas podem consultar as informações oficiais sobre horários e rotas de coleta de lixo?;
Santa Terezinha;1;A prefeitura possui algum departamento responsável pela gestão de resíduos sólidos e quem é o responsável técnico?;
Santa Terezinha;2;O Plano Municipal de Resíduos Sólidos está atualizado?;
Santa Terezinha;3;Existe respaldo ou acompanhamento desse plano na prática?;
Santa Terezinha;4;A prefeitura realiza fiscalização ostensiva regular sobre o descarte de resíduos?;
Santa Terezinha;5;Qual é o destino final dos resíduos recicláveis e quais são as cooperativas de catadores cadastradas no município?;
Santa Terezinha;6;Quais leis e diretrizes municipais e nacionais regem a gestão de resíduos no município?;
Santa Terezinha;7;Existem canais de denúncia para descarte irregular de lixo e com que frequência são utilizados?;
Santa Terezinha;8;Todas as empresas da cidade são obrigadas a apresentar relatórios mensais de descarte de resíduos?;
Santa Terezinha;9;Quais são as leis ou decretos que preveem sanções e penalidades para infrações ambientais no município?;
Santa Terezinha;10;A prefeitura oferece algum incentivo fiscal direto para empresas que descartam resíduos de forma correta?;
Santa Terezinha;11;Como funciona a destinação de resíduos eletrônicos para empresas privadas e do setor de TIC?;
Santa Terezinha;12;O descarte inadequado ou irregular de resíduos ainda é um problema frequente na cidade?;
Santa Terezinha;13;Quais são os tipos de eletroeletrônicos mais comumente descartados e para onde vão os itens de maior porte?;
Santa Terezinha;14;Há registros ou regiões da cidade onde o volume de descarte de lixo é maior e qual a frequência de coleta nessas áreas?;
Santa Terezinha;15;Houve algum registro ou aplicação recente de multa por descumprimento das regras de descarte de e-lixo?;
Santa Terezinha;16;A prefeitura possui algum programa de coleta própria exclusivo para resíduos eletrônicos corporativos?;
Santa Terezinha;17;O município possui programas como o Penso, Logo Destino (PLD) e onde ficam os pontos de coleta de lâmpadas, pilhas e baterias?;
Santa Terezinha;18;Os resíduos volumosos exigem atenção ou logística diferenciada por parte da prefeitura/cooperativas?;
Santa Terezinha;19;Existe cobrança de taxa específica para a retirada de lixo eletrônico empresarial?;
Santa Terezinha;20;O município já conta com Pontos de Entrega Voluntária (PEV) estruturados para lixo eletrônico ou há previsão de instalação?;
Santa Terezinha;21;A concessionária de limpeza urbana possui plano de metas para a implantação de novos PEVs?;
Santa Terezinha;22;As taxas e procedimentos de coleta são uniformes em todos os bairros e setores?;
Santa Terezinha;23;Existe outro fiscal ou responsável direto no departamento além do engenheiro sanitarista?;
Santa Terezinha;24;Você acredita que o descarte incorreto ocorre por falta de conhecimento da população/empresas sobre os pontos de coleta?;
Santa Terezinha;25;As empresas locais têm demonstrado maior engajamento ou empenho na gestão ambiental nos últimos anos?;
Santa Terezinha;26;Qual é hoje a principal dificuldade ou gargalo operacional na gestão de resíduos sólidos da cidade?;
Santa Terezinha;27;Qual é o principal obstáculo enfrentado pelas empresas para manter a gestão correta de resíduos?;
Santa Terezinha;28;De onde vem a maior parte do volume de resíduos recebidos no município?;
Santa Terezinha;29;A prefeitura realiza campanhas publicitárias pagas contínuas sobre o descarte de e-lixo?;
Santa Terezinha;30;O município tem interesse em adotar novas tecnologias para controle e mapeamento do descarte?;
Santa Terezinha;31;Existe a possibilidade ou tentativa de implantar programas de benefícios (como cashback ou créditos por descarte) na cidade?;
Santa Terezinha;32;A melhoria da gestão de resíduos traz impactos socioeconômicos diretos para as cooperativas de catadores locais?;
Santa Terezinha;33;O município mantém parcerias com instituições de ensino superior (como a UNIDAVI) para projetos ambientais?;
Santa Terezinha;34;Qual a importância de trabalhos acadêmicos e projetos de tecnologia voltados para a gestão de resíduos no Alto Vale?;
Santa Terezinha;35;Qual seria a orientação da prefeitura para as empresas reduzirem custos e melhorarem a gestão interna de resíduos?;
Santa Terezinha;36;Como você avalia a atual estrutura de descarte do município em relação à conformidade legal?;
Santa Terezinha;37;Existe alguma restrição formal para que o setor privado crie rotas de coleta própria de lixo eletrônico?;
Santa Terezinha;38;A prefeitura teria interesse em utilizar este projeto de TCC (sistema em Python + Power BI) como um plano piloto?;
Santa Terezinha;39;A prefeitura apoia a continuidade da coleta de dados e expansão do estudo no setor produtivo/ACIRS?;
Santa Terezinha;40;Onde a população e as empresas podem consultar as informações oficiais sobre horários e rotas de coleta de lixo?;
Taió;1;A prefeitura possui algum departamento responsável pela gestão de resíduos sólidos e quem é o responsável técnico?;
Taió;2;O Plano Municipal de Resíduos Sólidos está atualizado?;
Taió;3;Existe respaldo ou acompanhamento desse plano na prática?;
Taió;4;A prefeitura realiza fiscalização ostensiva regular sobre o descarte de resíduos?;
Taió;5;Qual é o destino final dos resíduos recicláveis e quais são as cooperativas de catadores cadastradas no município?;
Taió;6;Quais leis e diretrizes municipais e nacionais regem a gestão de resíduos no município?;
Taió;7;Existem canais de denúncia para descarte irregular de lixo e com que frequência são utilizados?;
Taió;8;Todas as empresas da cidade são obrigadas a apresentar relatórios mensais de descarte de resíduos?;
Taió;9;Quais são as leis ou decretos que preveem sanções e penalidades para infrações ambientais no município?;
Taió;10;A prefeitura oferece algum incentivo fiscal direto para empresas que descartam resíduos de forma correta?;
Taió;11;Como funciona a destinação de resíduos eletrônicos para empresas privadas e do setor de TIC?;
Taió;12;O descarte inadequado ou irregular de resíduos ainda é um problema frequente na cidade?;
Taió;13;Quais são os tipos de eletroeletrônicos mais comumente descartados e para onde vão os itens de maior porte?;
Taió;14;Há registros ou regiões da cidade onde o volume de descarte de lixo é maior e qual a frequência de coleta nessas áreas?;
Taió;15;Houve algum registro ou aplicação recente de multa por descumprimento das regras de descarte de e-lixo?;
Taió;16;A prefeitura possui algum programa de coleta própria exclusivo para resíduos eletrônicos corporativos?;
Taió;17;O município possui programas como o Penso, Logo Destino (PLD) e onde ficam os pontos de coleta de lâmpadas, pilhas e baterias?;
Taió;18;Os resíduos volumosos exigem atenção ou logística diferenciada por parte da prefeitura/cooperativas?;
Taió;19;Existe cobrança de taxa específica para a retirada de lixo eletrônico empresarial?;
Taió;20;O município já conta com Pontos de Entrega Voluntária (PEV) estruturados para lixo eletrônico ou há previsão de instalação?;
Taió;21;A concessionária de limpeza urbana possui plano de metas para a implantação de novos PEVs?;
Taió;22;As taxas e procedimentos de coleta são uniformes em todos os bairros e setores?;
Taió;23;Existe outro fiscal ou responsável direto no departamento além do engenheiro sanitarista?;
Taió;24;Você acredita que o descarte incorreto ocorre por falta de conhecimento da população/empresas sobre os pontos de coleta?;
Taió;25;As empresas locais têm demonstrado maior engajamento ou empenho na gestão ambiental nos últimos anos?;
Taió;26;Qual é hoje a principal dificuldade ou gargalo operacional na gestão de resíduos sólidos da cidade?;
Taió;27;Qual é o principal obstáculo enfrentado pelas empresas para manter a gestão correta de resíduos?;
Taió;28;De onde vem a maior parte do volume de resíduos recebidos no município?;
Taió;29;A prefeitura realiza campanhas publicitárias pagas contínuas sobre o descarte de e-lixo?;
Taió;30;O município tem interesse em adotar novas tecnologias para controle e mapeamento do descarte?;
Taió;31;Existe a possibilidade ou tentativa de implantar programas de benefícios (como cashback ou créditos por descarte) na cidade?;
Taió;32;A melhoria da gestão de resíduos traz impactos socioeconômicos diretos para as cooperativas de catadores locais?;
Taió;33;O município mantém parcerias com instituições de ensino superior (como a UNIDAVI) para projetos ambientais?;
Taió;34;Qual a importância de trabalhos acadêmicos e projetos de tecnologia voltados para a gestão de resíduos no Alto Vale?;
Taió;35;Qual seria a orientação da prefeitura para as empresas reduzirem custos e melhorarem a gestão interna de resíduos?;
Taió;36;Como você avalia a atual estrutura de descarte do município em relação à conformidade legal?;
Taió;37;Existe alguma restrição formal para que o setor privado crie rotas de coleta própria de lixo eletrônico?;
Taió;38;A prefeitura teria interesse em utilizar este projeto de TCC (sistema em Python + Power BI) como um plano piloto?;
Taió;39;A prefeitura apoia a continuidade da coleta de dados e expansão do estudo no setor produtivo/ACIRS?;
Taió;40;Onde a população e as empresas podem consultar as informações oficiais sobre horários e rotas de coleta de lixo?;
Trombudo Central;1;A prefeitura possui algum departamento responsável pela gestão de resíduos sólidos e quem é o responsável técnico?;
Trombudo Central;2;O Plano Municipal de Resíduos Sólidos está atualizado?;
Trombudo Central;3;Existe respaldo ou acompanhamento desse plano na prática?;
Trombudo Central;4;A prefeitura realiza fiscalização ostensiva regular sobre o descarte de resíduos?;
Trombudo Central;5;Qual é o destino final dos resíduos recicláveis e quais são as cooperativas de catadores cadastradas no município?;
Trombudo Central;6;Quais leis e diretrizes municipais e nacionais regem a gestão de resíduos no município?;
Trombudo Central;7;Existem canais de denúncia para descarte irregular de lixo e com que frequência são utilizados?;
Trombudo Central;8;Todas as empresas da cidade são obrigadas a apresentar relatórios mensais de descarte de resíduos?;
Trombudo Central;9;Quais são as leis ou decretos que preveem sanções e penalidades para infrações ambientais no município?;
Trombudo Central;10;A prefeitura oferece algum incentivo fiscal direto para empresas que descartam resíduos de forma correta?;
Trombudo Central;11;Como funciona a destinação de resíduos eletrônicos para empresas privadas e do setor de TIC?;
Trombudo Central;12;O descarte inadequado ou irregular de resíduos ainda é um problema frequente na cidade?;
Trombudo Central;13;Quais são os tipos de eletroeletrônicos mais comumente descartados e para onde vão os itens de maior porte?;
Trombudo Central;14;Há registros ou regiões da cidade onde o volume de descarte de lixo é maior e qual a frequência de coleta nessas áreas?;
Trombudo Central;15;Houve algum registro ou aplicação recente de multa por descumprimento das regras de descarte de e-lixo?;
Trombudo Central;16;A prefeitura possui algum programa de coleta própria exclusivo para resíduos eletrônicos corporativos?;
Trombudo Central;17;O município possui programas como o Penso, Logo Destino (PLD) e onde ficam os pontos de coleta de lâmpadas, pilhas e baterias?;
Trombudo Central;18;Os resíduos volumosos exigem atenção ou logística diferenciada por parte da prefeitura/cooperativas?;
Trombudo Central;19;Existe cobrança de taxa específica para a retirada de lixo eletrônico empresarial?;
Trombudo Central;20;O município já conta com Pontos de Entrega Voluntária (PEV) estruturados para lixo eletrônico ou há previsão de instalação?;
Trombudo Central;21;A concessionária de limpeza urbana possui plano de metas para a implantação de novos PEVs?;
Trombudo Central;22;As taxas e procedimentos de coleta são uniformes em todos os bairros e setores?;
Trombudo Central;23;Existe outro fiscal ou responsável direto no departamento além do engenheiro sanitarista?;
Trombudo Central;24;Você acredita que o descarte incorreto ocorre por falta de conhecimento da população/empresas sobre os pontos de coleta?;
Trombudo Central;25;As empresas locais têm demonstrado maior engajamento ou empenho na gestão ambiental nos últimos anos?;
Trombudo Central;26;Qual é hoje a principal dificuldade ou gargalo operacional na gestão de resíduos sólidos da cidade?;
Trombudo Central;27;Qual é o principal obstáculo enfrentado pelas empresas para manter a gestão correta de resíduos?;
Trombudo Central;28;De onde vem a maior parte do volume de resíduos recebidos no município?;
Trombudo Central;29;A prefeitura realiza campanhas publicitárias pagas contínuas sobre o descarte de e-lixo?;
Trombudo Central;30;O município tem interesse em adotar novas tecnologias para controle e mapeamento do descarte?;
Trombudo Central;31;Existe a possibilidade ou tentativa de implantar programas de benefícios (como cashback ou créditos por descarte) na cidade?;
Trombudo Central;32;A melhoria da gestão de resíduos traz impactos socioeconômicos diretos para as cooperativas de catadores locais?;
Trombudo Central;33;O município mantém parcerias com instituições de ensino superior (como a UNIDAVI) para projetos ambientais?;
Trombudo Central;34;Qual a importância de trabalhos acadêmicos e projetos de tecnologia voltados para a gestão de resíduos no Alto Vale?;
Trombudo Central;35;Qual seria a orientação da prefeitura para as empresas reduzirem custos e melhorarem a gestão interna de resíduos?;
Trombudo Central;36;Como você avalia a atual estrutura de descarte do município em relação à conformidade legal?;
Trombudo Central;37;Existe alguma restrição formal para que o setor privado crie rotas de coleta própria de lixo eletrônico?;
Trombudo Central;38;A prefeitura teria interesse em utilizar este projeto de TCC (sistema em Python + Power BI) como um plano piloto?;
Trombudo Central;39;A prefeitura apoia a continuidade da coleta de dados e expansão do estudo no setor produtivo/ACIRS?;
Trombudo Central;40;Onde a população e as empresas podem consultar as informações oficiais sobre horários e rotas de coleta de lixo?;
Vidal Ramos;1;A prefeitura possui algum departamento responsável pela gestão de resíduos sólidos e quem é o responsável técnico?;
Vidal Ramos;2;O Plano Municipal de Resíduos Sólidos está atualizado?;
Vidal Ramos;3;Existe respaldo ou acompanhamento desse plano na prática?;
Vidal Ramos;4;A prefeitura realiza fiscalização ostensiva regular sobre o descarte de resíduos?;
Vidal Ramos;5;Qual é o destino final dos resíduos recicláveis e quais são as cooperativas de catadores cadastradas no município?;
Vidal Ramos;6;Quais leis e diretrizes municipais e nacionais regem a gestão de resíduos no município?;
Vidal Ramos;7;Existem canais de denúncia para descarte irregular de lixo e com que frequência são utilizados?;
Vidal Ramos;8;Todas as empresas da cidade são obrigadas a apresentar relatórios mensais de descarte de resíduos?;
Vidal Ramos;9;Quais são as leis ou decretos que preveem sanções e penalidades para infrações ambientais no município?;
Vidal Ramos;10;A prefeitura oferece algum incentivo fiscal direto para empresas que descartam resíduos de forma correta?;
Vidal Ramos;11;Como funciona a destinação de resíduos eletrônicos para empresas privadas e do setor de TIC?;
Vidal Ramos;12;O descarte inadequado ou irregular de resíduos ainda é um problema frequente na cidade?;
Vidal Ramos;13;Quais são os tipos de eletroeletrônicos mais comumente descartados e para onde vão os itens de maior porte?;
Vidal Ramos;14;Há registros ou regiões da cidade onde o volume de descarte de lixo é maior e qual a frequência de coleta nessas áreas?;
Vidal Ramos;15;Houve algum registro ou aplicação recente de multa por descumprimento das regras de descarte de e-lixo?;
Vidal Ramos;16;A prefeitura possui algum programa de coleta própria exclusivo para resíduos eletrônicos corporativos?;
Vidal Ramos;17;O município possui programas como o Penso, Logo Destino (PLD) e onde ficam os pontos de coleta de lâmpadas, pilhas e baterias?;
Vidal Ramos;18;Os resíduos volumosos exigem atenção ou logística diferenciada por parte da prefeitura/cooperativas?;
Vidal Ramos;19;Existe cobrança de taxa específica para a retirada de lixo eletrônico empresarial?;
Vidal Ramos;20;O município já conta com Pontos de Entrega Voluntária (PEV) estruturados para lixo eletrônico ou há previsão de instalação?;
Vidal Ramos;21;A concessionária de limpeza urbana possui plano de metas para a implantação de novos PEVs?;
Vidal Ramos;22;As taxas e procedimentos de coleta são uniformes em todos os bairros e setores?;
Vidal Ramos;23;Existe outro fiscal ou responsável direto no departamento além do engenheiro sanitarista?;
Vidal Ramos;24;Você acredita que o descarte incorreto ocorre por falta de conhecimento da população/empresas sobre os pontos de coleta?;
Vidal Ramos;25;As empresas locais têm demonstrado maior engajamento ou empenho na gestão ambiental nos últimos anos?;
Vidal Ramos;26;Qual é hoje a principal dificuldade ou gargalo operacional na gestão de resíduos sólidos da cidade?;
Vidal Ramos;27;Qual é o principal obstáculo enfrentado pelas empresas para manter a gestão correta de resíduos?;
Vidal Ramos;28;De onde vem a maior parte do volume de resíduos recebidos no município?;
Vidal Ramos;29;A prefeitura realiza campanhas publicitárias pagas contínuas sobre o descarte de e-lixo?;
Vidal Ramos;30;O município tem interesse em adotar novas tecnologias para controle e mapeamento do descarte?;
Vidal Ramos;31;Existe a possibilidade ou tentativa de implantar programas de benefícios (como cashback ou créditos por descarte) na cidade?;
Vidal Ramos;32;A melhoria da gestão de resíduos traz impactos socioeconômicos diretos para as cooperativas de catadores locais?;
Vidal Ramos;33;O município mantém parcerias com instituições de ensino superior (como a UNIDAVI) para projetos ambientais?;
Vidal Ramos;34;Qual a importância de trabalhos acadêmicos e projetos de tecnologia voltados para a gestão de resíduos no Alto Vale?;
Vidal Ramos;35;Qual seria a orientação da prefeitura para as empresas reduzirem custos e melhorarem a gestão interna de resíduos?;
Vidal Ramos;36;Como você avalia a atual estrutura de descarte do município em relação à conformidade legal?;
Vidal Ramos;37;Existe alguma restrição formal para que o setor privado crie rotas de coleta própria de lixo eletrônico?;
Vidal Ramos;38;A prefeitura teria interesse em utilizar este projeto de TCC (sistema em Python + Power BI) como um plano piloto?;
Vidal Ramos;39;A prefeitura apoia a continuidade da coleta de dados e expansão do estudo no setor produtivo/ACIRS?;
Vidal Ramos;40;Onde a população e as empresas podem consultar as informações oficiais sobre horários e rotas de coleta de lixo?;
Vitor Meireles;1;A prefeitura possui algum departamento responsável pela gestão de resíduos sólidos e quem é o responsável técnico?;
Vitor Meireles;2;O Plano Municipal de Resíduos Sólidos está atualizado?;
Vitor Meireles;3;Existe respaldo ou acompanhamento desse plano na prática?;
Vitor Meireles;4;A prefeitura realiza fiscalização ostensiva regular sobre o descarte de resíduos?;
Vitor Meireles;5;Qual é o destino final dos resíduos recicláveis e quais são as cooperativas de catadores cadastradas no município?;
Vitor Meireles;6;Quais leis e diretrizes municipais e nacionais regem a gestão de resíduos no município?;
Vitor Meireles;7;Existem canais de denúncia para descarte irregular de lixo e com que frequência são utilizados?;
Vitor Meireles;8;Todas as empresas da cidade são obrigadas a apresentar relatórios mensais de descarte de resíduos?;
Vitor Meireles;9;Quais são as leis ou decretos que preveem sanções e penalidades para infrações ambientais no município?;
Vitor Meireles;10;A prefeitura oferece algum incentivo fiscal direto para empresas que descartam resíduos de forma correta?;
Vitor Meireles;11;Como funciona a destinação de resíduos eletrônicos para empresas privadas e do setor de TIC?;
Vitor Meireles;12;O descarte inadequado ou irregular de resíduos ainda é um problema frequente na cidade?;
Vitor Meireles;13;Quais são os tipos de eletroeletrônicos mais comumente descartados e para onde vão os itens de maior porte?;
Vitor Meireles;14;Há registros ou regiões da cidade onde o volume de descarte de lixo é maior e qual a frequência de coleta nessas áreas?;
Vitor Meireles;15;Houve algum registro ou aplicação recente de multa por descumprimento das regras de descarte de e-lixo?;
Vitor Meireles;16;A prefeitura possui algum programa de coleta própria exclusivo para resíduos eletrônicos corporativos?;
Vitor Meireles;17;O município possui programas como o Penso, Logo Destino (PLD) e onde ficam os pontos de coleta de lâmpadas, pilhas e baterias?;
Vitor Meireles;18;Os resíduos volumosos exigem atenção ou logística diferenciada por parte da prefeitura/cooperativas?;
Vitor Meireles;19;Existe cobrança de taxa específica para a retirada de lixo eletrônico empresarial?;
Vitor Meireles;20;O município já conta com Pontos de Entrega Voluntária (PEV) estruturados para lixo eletrônico ou há previsão de instalação?;
Vitor Meireles;21;A concessionária de limpeza urbana possui plano de metas para a implantação de novos PEVs?;
Vitor Meireles;22;As taxas e procedimentos de coleta são uniformes em todos os bairros e setores?;
Vitor Meireles;23;Existe outro fiscal ou responsável direto no departamento além do engenheiro sanitarista?;
Vitor Meireles;24;Você acredita que o descarte incorreto ocorre por falta de conhecimento da população/empresas sobre os pontos de coleta?;
Vitor Meireles;25;As empresas locais têm demonstrado maior engajamento ou empenho na gestão ambiental nos últimos anos?;
Vitor Meireles;26;Qual é hoje a principal dificuldade ou gargalo operacional na gestão de resíduos sólidos da cidade?;
Vitor Meireles;27;Qual é o principal obstáculo enfrentado pelas empresas para manter a gestão correta de resíduos?;
Vitor Meireles;28;De onde vem a maior parte do volume de resíduos recebidos no município?;
Vitor Meireles;29;A prefeitura realiza campanhas publicitárias pagas contínuas sobre o descarte de e-lixo?;
Vitor Meireles;30;O município tem interesse em adotar novas tecnologias para controle e mapeamento do descarte?;
Vitor Meireles;31;Existe a possibilidade ou tentativa de implantar programas de benefícios (como cashback ou créditos por descarte) na cidade?;
Vitor Meireles;32;A melhoria da gestão de resíduos traz impactos socioeconômicos diretos para as cooperativas de catadores locais?;
Vitor Meireles;33;O município mantém parcerias com instituições de ensino superior (como a UNIDAVI) para projetos ambientais?;
Vitor Meireles;34;Qual a importância de trabalhos acadêmicos e projetos de tecnologia voltados para a gestão de resíduos no Alto Vale?;
Vitor Meireles;35;Qual seria a orientação da prefeitura para as empresas reduzirem custos e melhorarem a gestão interna de resíduos?;
Vitor Meireles;36;Como você avalia a atual estrutura de descarte do município em relação à conformidade legal?;
Vitor Meireles;37;Existe alguma restrição formal para que o setor privado crie rotas de coleta própria de lixo eletrônico?;
Vitor Meireles;38;A prefeitura teria interesse em utilizar este projeto de TCC (sistema em Python + Power BI) como um plano piloto?;
Vitor Meireles;39;A prefeitura apoia a continuidade da coleta de dados e expansão do estudo no setor produtivo/ACIRS?;
Vitor Meireles;40;Onde a população e as empresas podem consultar as informações oficiais sobre horários e rotas de coleta de lixo?;
Witmarsum;1;A prefeitura possui algum departamento responsável pela gestão de resíduos sólidos e quem é o responsável técnico?;
Witmarsum;2;O Plano Municipal de Resíduos Sólidos está atualizado?;
Witmarsum;3;Existe respaldo ou acompanhamento desse plano na prática?;
Witmarsum;4;A prefeitura realiza fiscalização ostensiva regular sobre o descarte de resíduos?;
Witmarsum;5;Qual é o destino final dos resíduos recicláveis e quais são as cooperativas de catadores cadastradas no município?;
Witmarsum;6;Quais leis e diretrizes municipais e nacionais regem a gestão de resíduos no município?;
Witmarsum;7;Existem canais de denúncia para descarte irregular de lixo e com que frequência são utilizados?;
Witmarsum;8;Todas as empresas da cidade são obrigadas a apresentar relatórios mensais de descarte de resíduos?;
Witmarsum;9;Quais são as leis ou decretos que preveem sanções e penalidades para infrações ambientais no município?;
Witmarsum;10;A prefeitura oferece algum incentivo fiscal direto para empresas que descartam resíduos de forma correta?;
Witmarsum;11;Como funciona a destinação de resíduos eletrônicos para empresas privadas e do setor de TIC?;
Witmarsum;12;O descarte inadequado ou irregular de resíduos ainda é um problema frequente na cidade?;
Witmarsum;13;Quais são os tipos de eletroeletrônicos mais comumente descartados e para onde vão os itens de maior porte?;
Witmarsum;14;Há registros ou regiões da cidade onde o volume de descarte de lixo é maior e qual a frequência de coleta nessas áreas?;
Witmarsum;15;Houve algum registro ou aplicação recente de multa por descumprimento das regras de descarte de e-lixo?;
Witmarsum;16;A prefeitura possui algum programa de coleta própria exclusivo para resíduos eletrônicos corporativos?;
Witmarsum;17;O município possui programas como o Penso, Logo Destino (PLD) e onde ficam os pontos de coleta de lâmpadas, pilhas e baterias?;
Witmarsum;18;Os resíduos volumosos exigem atenção ou logística diferenciada por parte da prefeitura/cooperativas?;
Witmarsum;19;Existe cobrança de taxa específica para a retirada de lixo eletrônico empresarial?;
Witmarsum;20;O município já conta com Pontos de Entrega Voluntária (PEV) estruturados para lixo eletrônico ou há previsão de instalação?;
Witmarsum;21;A concessionária de limpeza urbana possui plano de metas para a implantação de novos PEVs?;
Witmarsum;22;As taxas e procedimentos de coleta são uniformes em todos os bairros e setores?;
Witmarsum;23;Existe outro fiscal ou responsável direto no departamento além do engenheiro sanitarista?;
Witmarsum;24;Você acredita que o descarte incorreto ocorre por falta de conhecimento da população/empresas sobre os pontos de coleta?;
Witmarsum;25;As empresas locais têm demonstrado maior engajamento ou empenho na gestão ambiental nos últimos anos?;
Witmarsum;26;Qual é hoje a principal dificuldade ou gargalo operacional na gestão de resíduos sólidos da cidade?;
Witmarsum;27;Qual é o principal obstáculo enfrentado pelas empresas para manter a gestão correta de resíduos?;
Witmarsum;28;De onde vem a maior parte do volume de resíduos recebidos no município?;
Witmarsum;29;A prefeitura realiza campanhas publicitárias pagas contínuas sobre o descarte de e-lixo?;
Witmarsum;30;O município tem interesse em adotar novas tecnologias para controle e mapeamento do descarte?;
Witmarsum;31;Existe a possibilidade ou tentativa de implantar programas de benefícios (como cashback ou créditos por descarte) na cidade?;
Witmarsum;32;A melhoria da gestão de resíduos traz impactos socioeconômicos diretos para as cooperativas de catadores locais?;
Witmarsum;33;O município mantém parcerias com instituições de ensino superior (como a UNIDAVI) para projetos ambientais?;
Witmarsum;34;Qual a importância de trabalhos acadêmicos e projetos de tecnologia voltados para a gestão de resíduos no Alto Vale?;
Witmarsum;35;Qual seria a orientação da prefeitura para as empresas reduzirem custos e melhorarem a gestão interna de resíduos?;
Witmarsum;36;Como você avalia a atual estrutura de descarte do município em relação à conformidade legal?;
Witmarsum;37;Existe alguma restrição formal para que o setor privado crie rotas de coleta própria de lixo eletrônico?;
Witmarsum;38;A prefeitura teria interesse em utilizar este projeto de TCC (sistema em Python + Power BI) como um plano piloto?;
Witmarsum;39;A prefeitura apoia a continuidade da coleta de dados e expansão do estudo no setor produtivo/ACIRS?;
Witmarsum;40;Onde a população e as empresas podem consultar as informações oficiais sobre horários e rotas de coleta de lixo?;
